alpha,delta,u,g,r,i,z,redshift,class
134.8344427850505,3.434721324519245,18.802457714087378,18.17707594704647,17.755445401005538,17.65464294802361,17.406841153033046,-0.0002559058109776532,STAR
342.2571503075698,-3.7472620266484284,16.62757428351292,15.846712981155877,15.505862050429336,15.470995079739424,15.21905367037095,0.0006134910839665997,STAR
263.51781905210584,-85.38442815484157,15.470394419269795,14.86914057720073,14.46660979930391,14.123348029100521,14.032718817788309,-6.532832291355936e-05,STAR
215.5170543109332,-28.575391027291857,17.280568492448392,16.50674403218723,16.112435699365598,15.972445696961909,15.720588893991566,-0.0005304190744328153,STAR
56.16671055927715,-21.564788618545734,19.286029160229216,18.477365191212954,18.104815110222074,17.796692766845364,17.697337395851743,3.098948749489195e-05,STAR
56.158027321032954,-18.211899438557907,20.504160892622725,19.64629768532676,19.38323092030983,19.22154094653149,18.85410221352978,-0.000371804344076964,STAR
20.910100380551807,14.43102646091981,17.262590766620164,16.520589634161354,16.099495427806037,15.97662474553882,15.981712717026943,-0.0005143819094859305,STAR
311.82341247897665,6.048458410838123,20.41869469134882,19.744637411563346,19.299621320120043,19.10522291552332,19.19430053337926,0.0005361844207161392,STAR
216.40140422755516,19.422916702820032,18.94526322023896,18.06814408470717,17.488027537181136,17.440861500877745,17.332336653407737,-0.0006146094459775134,STAR
254.90612800657638,47.67898707758309,20.04624742615023,19.19758490650435,18.78306078091071,18.457408214599415,18.568257755526446,0.00046783599697110945,STAR
7.410417946488881,56.33743296889682,17.451401264173924,16.61925018607653,16.2284783899374,15.91494988072499,15.933857349385226,0.00019899410292226316,STAR
349.16754677831796,39.26215372076899,19.90359972553839,18.916942402785136,18.617731229110635,18.40496049602212,18.341439628858442,-0.00014781077153334343,STAR
299.6793506881518,81.99426527188825,19.989197887709217,19.386117056079954,19.113890797682703,18.790621965220634,18.731598405578257,-3.470230021957774e-05,STAR
76.44207984417942,-86.7181351182549,18.379264862614743,17.842075047405103,17.34795552835302,17.19418324410707,17.102526679781935,-9.37631201265288e-05,STAR
65.45698819455622,-54.759962576961705,19.15818660365671,18.375925618411348,18.148228036356468,17.83891306401876,17.92447501088723,0.00039883750219781353,STAR
66.02562354723618,-88.63868250393442,15.721273248494755,14.893520709041244,14.45011824534512,14.305735075418093,14.194545377217382,-0.0004950649689309191,STAR
109.52720746543358,26.545448547828542,19.308998718233322,18.657041934755366,18.07659617904062,17.836283761171927,17.80123140678149,0.00030658694724463844,STAR
188.91231538760562,71.64549881099765,18.042927783011177,17.222721227591048,16.976016617686668,16.818550688316517,16.637739050521947,0.0005813042653284138,STAR
155.50020671116167,-46.17318661626613,18.790966184583283,17.76462731622913,17.385591384445032,17.10351723958344,17.22019210924856,7.369916557764102e-05,STAR
104.8424904712951,76.8662180633352,15.469601335961128,14.837993695045395,14.33267837385794,14.148402008912836,14.054573748401655,-0.0007678692624790626,STAR
220.2670421000566,-79.15186974787905,15.627943830429878,14.707314850386151,14.321571442546178,14.078877834932984,14.18389084566363,-0.0004072998577312912,STAR
50.21778983473506,78.19848482499256,16.58945684936899,15.803325272069179,15.470819883721347,15.258505392484274,15.188362588640715,0.00038727386421314445,STAR
105.17207347267853,-26.707916296865804,15.65620316395045,14.89566783451489,14.612355536587136,14.27459480192282,14.09289497850604,0.00021313332031872015,STAR
131.890263585729,-71.74425087914102,17.21812028230817,16.400566852788195,15.973284564816266,15.725443909566103,15.633294947050109,0.00013115180966374296,STAR
164.18519431813294,-2.543083346461387,17.255482681918075,16.35024103701303,16.002581055326313,15.578115948059564,15.509269819249946,5.7328239376626e-06,STAR
282.6633461014849,-43.78021781030857,20.061762466721436,19.17176103014577,18.74449696594744,18.572040288882103,18.629146597907805,-0.00045235537413036627,STAR
71.88256157700951,-38.72287764685389,15.933838408470386,15.33548758823909,14.8301588551892,14.741514989538624,14.593220228341039,0.0006978556693034726,STAR
185.1243978289002,-34.68780631326842,15.981058427592234,15.161644914737078,14.876644553283393,14.662816782728145,14.830167054439164,0.00017318393014427848,STAR
213.26924479033528,54.54466160987943,16.52752470468441,15.690145074609358,15.312588418893323,15.093558624256266,15.060692799414984,0.0001780143456464759,STAR
16.72214857919918,7.049029801545814,18.024933940610833,17.274838998932623,17.156379696215115,16.894000571636198,16.67600216425889,0.00021385163444897413,STAR
218.7161466845178,-33.96461415191934,18.10290435017121,17.126497029791715,16.7780640786124,16.728156238178393,16.47580381148381,-0.0003667538766874248,STAR
61.38868452742495,19.860080995965305,15.71031953288683,15.003811397325261,14.594830711501773,14.496712380587176,14.430466592906951,-9.384822798296551e-05,STAR
23.418573474700626,38.90712136017484,15.921021901626712,15.549697464842358,15.121455097139497,14.862540752793846,15.026603001121325,0.00038339061104190186,STAR
341.59879341119995,-40.927679867963924,19.029569421866835,18.363336009612826,17.806079234823656,17.618606696846747,17.482161895891558,0.000489427552967451,STAR
347.62753190684134,-15.561161725436733,16.99911925080516,16.37797174075875,15.851642570280855,15.611147300133425,15.52594370300366,0.00040935423265096047,STAR
291.023045321926,-68.06050319934944,15.801964220406452,14.770618334695152,14.414207331138252,14.220990318988504,14.20119158842436,-0.0008987557335938421,STAR
109.66095690241345,-57.393117083757545,20.5530928611959,19.668387718919625,19.31466449625704,19.071297620537212,18.9948840378492,0.00053847130545065,STAR
35.161961042298195,32.60121371369691,20.403020040559948,19.946474091062843,19.452734827024948,19.189329613739,19.122068407494908,-7.381014306233982e-05,STAR
246.32388954437647,-57.34109741478715,17.496911436466082,16.404373442229474,16.097127940018755,15.910098614842504,15.711762681324853,0.0008440542328342492,STAR
158.45489774625648,4.529409060070833,15.319043274610188,14.49605816504771,13.992515426236977,13.835783760688987,13.774952156637426,0.0005823289288587067,STAR
43.93376454412038,37.62832711003789,19.61344950153965,18.76318701588072,18.24356680279919,18.105363102725015,18.10820459776324,0.0006104745269446647,STAR
178.26368764005727,-70.7621538429461,19.215935926425708,18.434443232855056,18.097221306852017,17.919447313216388,17.8021217561581,0.00012452346937715395,STAR
12.379867601478622,12.116199533202632,18.601973321576367,17.71541330883393,17.377585435787815,17.17314855061709,16.975114339086325,-0.0004868481609411621,STAR
327.3553447483615,-43.818698933754526,19.01303902647668,18.274975226910236,17.885702463902422,17.677403163119326,17.60313330591054,-0.0005622268076714568,STAR
93.1607933760061,83.32683754276437,19.98725563631453,19.396216316135675,19.00422513298185,18.75476487744417,18.80870033477871,-0.00016837555427691388,STAR
238.5080223674335,-2.961783590413546,18.728634044446416,18.1127617502309,17.57271253250447,17.498529027591157,17.34449316150359,0.00022130048799391347,STAR
112.21598739218794,55.07865895952847,16.862204766428277,16.123858118080783,15.734149109184495,15.640909807050011,15.332221929087122,0.0002471499201858273,STAR
187.22448762401189,9.040777588127114,18.923674187018204,18.103392289730877,17.6059906054448,17.487391321733053,17.366873422699634,-0.00021553674247709533,STAR
196.81570056358066,-82.18574408613254,17.156898237748905,16.419270914109934,16.00927780995138,15.865233045539116,15.672105951555189,2.676628969494745e-05,STAR
66.54760398918974,23.96724760692402,18.96953206849685,18.037456102232134,17.651188262863766,17.526210308524185,17.40116645508953,0.00012646238287311132,STAR
349.0504659952411,81.25260159719826,16.4634540415046,15.782084580176512,15.427617987971566,15.104647479069019,15.106408131512016,0.0001262901067741969,STAR
279.04781641000125,18.29012762633961,20.534453166425386,19.86254758834444,19.48499027133048,19.276195892959723,19.220341632368715,0.0005725467127324735,STAR
338.2196189631081,57.453994696822235,16.74008343819177,16.189467055142455,15.787024103049118,15.57065893092884,15.527420070845695,0.0008080196427718588,STAR
322.1378461539536,69.1571634027134,18.672773553976185,17.9398861120384,17.442621656284768,17.237289508092722,17.100235841058552,0.0006253653435328434,STAR
215.24399237199066,-48.945641049192155,18.88758074640634,18.23536428183761,17.92586558097076,17.70341621580767,17.570035401663418,0.00022419255952197417,STAR
331.8747246083221,-51.8319288165192,18.19605226674398,17.390749212518223,16.87260826643672,16.71210987989577,16.797641807594353,-0.0002022986817047747,STAR
31.85730073869102,19.97657799317851,19.010167627573633,18.11038677630202,17.726492858910664,17.424282040189777,17.537718529380985,0.00043106052381165744,STAR
70.55383047089227,-16.014875434793154,18.65614162734773,17.9189836786917,17.62905798788622,17.502315404525167,17.32380234824592,-0.0003519257414008217,STAR
16.281824007793702,61.175034516009674,17.846335713732447,16.950815268208334,16.529599904735228,16.409915328964484,16.288097763707842,0.000199906575398409,STAR
117.11891907477516,72.00416221164201,19.62198734183127,18.871274092986603,18.288982137650038,18.19173154480917,18.13959233502643,-0.00046040563344780283,STAR
139.92382428821352,-26.38415172551074,16.746235449385605,16.00009652762936,15.436615602237662,15.412601337183357,15.142825343645923,-5.960207974554615e-05,STAR
97.68565143860253,-47.363299384593226,18.368065955230136,17.799929377860792,17.369134734681854,17.073312994697964,17.127193798547022,-0.00025263109166613254,STAR
298.34550329469454,50.49459274389514,20.728106539090938,19.89228607626201,19.544433277421387,19.275199358012905,19.16656634975457,-0.00019385150560158576,STAR
128.43119760969213,-40.534913601335504,15.537712042999605,14.693933122977631,14.359752249475866,14.044701493722556,14.019475582917444,-0.00011395019734786833,STAR
101.13642348745708,58.07057733246211,15.86586900010559,15.274919421383641,14.890566257723712,14.80535259459884,14.519707509386627,-0.0003044745539257902,STAR
195.37058993696945,-13.727114343222695,15.797734970303676,14.983622713808304,14.690428338859585,14.52774850984241,14.47273732681685,-0.00022296922124332848,STAR
50.73272099091455,30.15898187246468,16.14024808116704,15.170046424117718,14.71216559968555,14.596062241983898,14.643273427328811,0.0001128749629721708,STAR
288.79091307145427,-72.80364350975972,15.981891862288464,15.423620051238137,14.771806686068484,14.473992317092726,14.44477026013118,-0.0007104985333865807,STAR
26.838231724717495,22.294678441783148,15.369632745710705,14.81311759667949,14.39320475616733,14.066741270136497,14.206681992457472,0.0006564638156366295,STAR
355.2792971761862,-8.681817827298758,18.941977863668306,18.10654116929975,17.68935771947881,17.31545404822035,17.341779515152922,0.00033806318847372864,STAR
278.0081169467967,15.589523371585344,16.528820317954768,15.46594142788756,14.907178058707022,14.755901967608962,14.73097097438833,0.00041433009536702734,STAR
71.53764535230206,-59.75744260592458,19.673289973440042,19.036424112651094,18.807015149889462,18.506951264917706,18.40453231352655,-0.00011993527850995223,STAR
1.9879621644968637,42.63727408995277,20.4722390935482,19.50743576622134,19.215386731056817,19.24772048019213,18.809619658517317,0.00026428935778549954,STAR
293.5661142437403,65.30347395778114,18.461182636689855,17.32286451764532,17.050481250960246,16.75185827056149,16.680755790098246,-0.00033490497241988015,STAR
254.46864378514215,-50.986835983660384,16.46920180273896,15.559865354140006,15.221922974190523,14.98763659628824,14.909653269904435,0.00017803458854136065,STAR
262.4425804947554,-72.77138000637089,16.169200047507328,15.135186538210156,14.750610230124115,14.568064204647076,14.604478695497566,7.764305238134308e-05,STAR
277.6573248069405,-85.74505451165945,19.655594990658933,18.67981140925213,18.343475579574967,18.1234487919783,18.04153033808264,0.0002155676740574938,STAR
26.65607462427253,25.554870079787875,16.72808300630095,15.970758456097968,15.415995018497622,15.28453134213318,14.939157703988855,-0.00023384709226287984,STAR
129.04766227593814,19.276926495980533,15.840140368514007,14.913037701002981,14.482961096669168,14.257139463555411,14.208813073521467,0.00035599502488684,STAR
41.7128614290467,8.405534288532607,17.673616994490427,17.01041542977436,16.42727152903274,16.32466835707687,16.21202198551726,0.0005553351112833791,STAR
310.71723331521366,-48.24952269912443,19.66163681343121,18.840541430318666,18.672044219977614,18.36926111736953,18.253669831217664,0.000354692943821817,STAR
224.38732565792085,-19.636920737007358,17.644399104516722,17.32948571041762,16.74264366947149,16.580002357793752,16.452464820911388,-0.0001696945333592174,STAR
119.1232889469537,17.00574033351114,16.5435088628945,15.616782738748656,15.265402322478895,15.062431339087334,15.128255628144112,-0.00019486320905828247,STAR
22.88100610296851,-0.5819654053495071,17.276214409922716,16.592360034796112,16.119966859189375,16.01714842096904,15.92506544685417,0.0007394435333185647,STAR
111.9536358176384,87.80139363867971,20.214297172147663,19.493673796193264,19.18698869171589,18.921323505054744,18.740023143073017,-0.00048187731313124513,STAR
117.06599592962894,-65.44084453978803,15.379334169829509,14.590795336804922,14.159759845006155,13.982748351815896,14.023383102918473,0.0003941798742460874,STAR
262.6582242017031,35.12601972856689,16.99622459843364,16.199863436540493,15.698388999811339,15.468044375550424,15.545649217235946,0.00041535106190605954,STAR
229.5206896878767,-17.222621741227414,18.5341953813285,17.80183760968785,17.342818267097613,17.193394786739017,17.22444952628183,-0.0001865981516912792,STAR
319.39658732747756,-12.924069313389339,20.27489974715917,19.42969535013794,19.090394779250765,18.969036172126533,18.83964500097249,0.00019395147261285273,STAR
169.99737305830175,39.167597818471734,17.930314358201617,16.9953014575544,16.818648507753256,16.620541370147073,16.50501588012252,0.0006084024908637521,STAR
43.053928537788615,34.63850723838654,20.258891659877847,19.443880124467515,19.00575106388193,18.68458530858514,18.503240314211816,-0.0006214334173659229,STAR
256.7681234002782,88.42607886639391,20.235570907340318,19.154598534021712,18.824002177186493,18.6165407074037,18.512330114456475,-0.00042262305710410113,STAR
273.88261750208306,-66.88902789825747,17.599164028054215,16.936033680072875,16.36163368261239,16.01671637745343,16.142801189950664,-0.0006499191960411958,STAR
202.05979112501865,-71.26026311085006,17.72284598403005,16.79671695483099,16.449326909586574,16.118436297506584,16.140489513570852,7.99241734874854e-05,STAR
277.54818478364194,40.38098708317341,20.0018083929893,18.99638452731139,18.504558769425064,18.384140698435115,18.262067218545795,0.0002025467910105018,STAR
177.76641469118067,14.109645061153643,15.604969290849745,15.215667517108674,14.650319552313512,14.422669315182231,14.281703535679208,-8.488358796046068e-05,STAR
188.18381857751785,-40.651080019234946,17.865955709841263,17.385829765489376,16.92430658668846,16.763657762159774,16.58453384768697,-5.84239540188668e-05,STAR
153.91476660907787,-75.70451358198241,15.428168088214568,14.878977683961832,14.318036574454501,13.983370392699822,14.038812547169577,-0.0006189215955753462,STAR
9.150885627874267,-74.5815150726425,17.24008255843532,16.41898696997819,15.867432615012406,15.749360153357474,15.791004451270783,-0.00020744319161211788,STAR
38.8409137175896,70.9543574395413,16.77708524406534,15.92177159557581,15.782429212466417,15.64912641937974,15.62501333036075,-0.0001852645448341596,STAR
11.31450684722433,-55.463881550626276,19.611098523191654,18.706296956287943,18.550467968598152,18.314985587818477,18.263536975911922,0.0007828698134558554,STAR
229.10774805496095,-31.793118819206263,15.006375731302779,14.513799993081344,14.202300269942452,13.901041311574353,13.885523256473688,0.00017874900032107923,STAR
113.1681531874776,-49.201847599142155,19.11092288971562,18.260486962558353,17.94447665863087,17.65858236777109,17.649126128395494,0.0001949655707619373,STAR
183.085448819293,-26.100664950251286,15.729608234324811,14.61742263787157,14.480370468977114,14.195516386634832,14.164965759053342,0.00047889876945809116,STAR
326.72393061339346,-77.5037083057032,17.184236168237167,16.42513916795993,16.000554355458938,15.71106303972269,15.869753329402235,0.0005146389477590498,STAR
89.74520249359497,3.430762363488668,15.405272339115498,14.746026696851287,14.40146743108942,14.158965935676312,14.076256082136918,-0.00021173284497934836,STAR
147.73785229282672,-77.82973855340131,16.148085405655998,15.426935831480725,14.925832314916535,14.599011970003895,14.660474893035717,-0.00010237222466790135,STAR
271.99840987549754,54.06417140802509,20.372462245508327,19.60794490343288,19.075206103093862,19.074873800571563,18.858905507563477,0.0006527427596356436,STAR
82.36733957698408,-47.93182525612205,19.169866452605916,18.075647430372445,17.71097955487514,17.547831579969387,17.441097152717017,0.0005019247773876679,STAR
27.712767538365476,7.202144628811908,19.550602044458163,18.933943853825536,18.6363702123866,18.47046241864948,18.340003651106244,0.0004875883159174653,STAR
104.31052304895648,68.41423576106249,18.128466414706182,17.051065343104224,16.816242098871026,16.62067628687423,16.678288289923294,-0.0002768608848307561,STAR
58.039663411441595,27.157926428494946,17.258192240866165,16.360287971558527,15.895457678914164,15.748322124080948,15.531244284458602,0.0003422222636082848,STAR
334.69115484332633,5.932401579240349,20.657842848751233,19.813189804554025,19.510945844570845,19.333846858323767,19.19117784292352,-0.00046074735383470965,STAR
290.9233366431901,-31.619924439232392,16.49230894710635,15.437736801223751,15.16662924298135,15.002067323437466,14.894632460462885,-0.00048379077416752214,STAR
228.02535234375244,-30.059655649524373,19.238985740162363,18.542581818463756,18.108422927921406,17.992604842058288,17.827690172688836,-0.000202908564237525,STAR
313.72581246757835,30.507651935674218,19.95534280160865,19.250217696880604,18.680784577332773,18.68171656769635,18.48352043414107,-0.0001645972578248721,STAR
289.32194768368123,88.94508501981016,15.160663330752422,14.562623242152274,14.0670053601101,13.821856211013634,13.796602372977478,-2.974743952748582e-05,STAR
67.1652211989729,29.131054172888156,18.335825109356467,17.29097639801433,17.016766238722123,16.77168135649846,16.77776972129201,-0.0008508909681405982,STAR
321.321239456392,10.401015126604477,15.659688596109289,14.651250416391775,14.248611216096467,14.130555320135802,14.041718230708353,-0.00021949965336592753,STAR
194.16320708963426,41.51709184306429,20.30059150564769,19.42752708819977,19.159290495703896,18.887654734895495,18.526492488999125,-0.00014992882264872246,STAR
290.6784558590625,-6.262989788930739,17.140176287541575,16.002181236431536,15.851814851961896,15.544320945926163,15.600050691385537,0.00028572757434946127,STAR
322.59286797245755,-79.17437833185866,15.977585929282906,15.17698943889944,14.788731342404105,14.506303171275617,14.50745710515981,6.322139596805275e-05,STAR
114.481250989871,11.213426858023766,15.625869292922836,14.504749869263346,14.21695939276025,13.899675300471074,13.943039374933566,-0.00013023494286124878,STAR
39.618692829963635,82.37255121096842,19.97596214062738,19.251051169731085,18.852955433935605,18.686182521715537,18.723825939314185,0.0002062512353775826,STAR
82.056658515099,-58.44547037562127,18.845682637058864,18.220242004420875,17.726095905404758,17.446337806400113,17.542149620238302,-0.0004566687286957562,STAR
153.75880390545228,34.20088034771983,16.822484761416028,16.07150370107132,15.468057351268236,15.345527453666124,15.416706864553596,-0.00024705667077347865,STAR
294.48531573209755,-53.831936041369836,17.18613681915682,16.58309855295799,16.318777931384705,16.07832468121799,16.05435212438277,0.00021713134050827063,STAR
309.86300997228363,6.448983205154633,18.116201352354246,17.39134929561921,17.020415837201522,16.925464154414072,16.84908866830457,0.00018049012772740328,STAR
2.502766991228653,-72.59823906359047,17.119055081842255,16.35265579100796,15.864974734707658,15.65719678834205,15.311767014409678,0.0007310723931798786,STAR
183.86902892792367,-8.933231473526675,16.607279299990715,15.989722751468742,15.4650677821129,15.378174431040007,15.35462843349268,0.0002780811600335997,STAR
150.26796113356045,46.1093992011443,16.5638594004349,15.635470074929346,15.188617957151566,14.833737085384605,14.882024279020829,0.0002133940307298111,STAR
79.95881176946288,-27.437125636983225,17.598725273864506,17.150495045381145,16.49533035811705,16.37451152236486,16.360097533986693,-0.000501969067200917,STAR
43.15153224012581,29.68411040769925,20.752493945199614,19.90427918479698,19.270510807188675,19.10920498516989,19.028795421659634,-0.0003191254993349344,STAR
121.54146170530606,53.18099294215125,17.049351882286103,16.352464158379238,15.897337500480534,15.616619647126772,15.598171782141506,-0.0007431605805593149,STAR
339.4474934085069,76.89200750630147,19.054771835486427,18.253323796965855,17.897192021725353,17.730936240566212,17.52651496342361,0.0001010359709516365,STAR
116.35305552747188,-47.764425266018364,15.073956267579836,14.334894441714125,14.065453249087897,13.92102335053551,13.682305474447826,1.840109890130965e-05,STAR
186.76462382761179,-18.12313515432453,19.383034115204477,18.283719908317103,17.909779276707617,17.864976793359993,17.63226035458235,0.00011485334164919432,STAR
253.08682520226404,-62.56511760052486,17.54336082222386,16.683263229139882,16.165335987857137,16.119585116973763,16.028169563804987,5.371859889911716e-05,STAR
130.90665685654582,88.64703038850755,20.558235217569116,19.94357201594316,19.271930971470137,18.99963709881619,19.10879808997499,-0.0006355273901280886,STAR
349.84154977954586,76.86017422637315,17.288476899226037,16.516828215127887,16.10660821801678,15.91495180340724,15.979848047835809,-0.0009951234626140318,STAR
346.48102617916004,7.1922834505007245,19.92060997090042,19.306366446698625,18.76401613426818,18.474293688399698,18.62549750984514,0.00045674129792438865,STAR
90.6416264971311,61.565992987755834,16.984599822014868,16.04002433291834,15.74464813934221,15.451756675880757,15.54389903041424,0.0004245483859492534,STAR
179.00946212125876,3.7724359089675943,19.34407873634392,18.652430652418914,18.181348136773423,18.059252265840033,17.79814171451161,-0.0006952446558181547,STAR
108.31619153403707,22.24542384049674,18.53986327935351,17.835727298167757,17.391387451907324,17.115498407927426,17.206268479980658,0.0009280162888069038,STAR
102.54257797588834,-73.957602219117,15.850250495377132,15.10101706233411,14.506045111850666,14.171544164162833,14.370263290752968,-7.78747963083883e-06,STAR
13.279301047631806,45.948675689425414,16.724781342091116,15.633142620214207,15.467207547792313,15.233641296554799,15.227675063397859,-0.000536851099394046,STAR
219.44316023276286,-67.01157294565773,17.853809603600535,16.871974898223925,16.462727847035538,16.428712728983882,16.226580723602545,-6.222627780873424e-05,STAR
180.96444836239013,58.6921734454551,19.261944858069064,18.738900296490865,18.167664967931415,18.146177723600736,17.8874617742583,0.0006362328290471402,STAR
18.532350449996166,50.76505578066946,17.500242266894045,16.569657078466047,16.26313627961536,16.094598702076496,15.949399962763232,-0.00019774173514268675,STAR
100.31272712518012,37.57404559373576,18.051349315975877,17.084651976285894,16.724957478597286,16.447636550988715,16.303234848970785,-0.0005421790012449157,STAR
326.97571894799535,-83.49113150554282,19.127221394908116,17.950366941165466,17.636922840263765,17.469165540249477,17.57275477637586,-0.00021691293510506569,STAR
86.24228064011007,-35.43689592984085,18.147152756698123,17.497148701727887,17.18556104369768,16.92238853722371,16.950148116162115,-0.0002913088809626452,STAR
52.16215395284031,-42.639737416048284,16.360688889678542,15.480464629158776,15.198363744053191,14.968969885274213,14.663965320175839,0.00036788132563372075,STAR
176.20299369992267,-25.175446655126564,19.494132761713466,18.824379654691725,18.45964715461966,18.227690180287034,17.95886570017566,-0.00032112977758033695,STAR
354.83416347981625,-74.22430558250906,15.95582872659925,15.074144852577522,14.751265842367681,14.602886028943445,14.60932978836441,0.0001268587938841901,STAR
87.13989774414014,78.6524081455913,15.981744624280044,14.800587420148227,14.465598635102634,14.286607991042516,14.160575335621953,-3.9538080495722426e-05,STAR
241.96879706611628,9.68440332822773,15.967838687096357,15.002549092933164,14.678833215056578,14.444480309610352,14.647255921872947,0.00021269795325026353,STAR
274.1830615183383,-35.00562408155576,20.314283630850337,19.752341084939033,19.11390816442755,18.915408786241873,19.04681019558755,-0.00033282452193994267,STAR
85.54951583726388,-18.54332692662898,17.314981832667005,16.43627840922987,16.083518402077008,15.959830725069779,15.765894596044907,-0.0005797678916709673,STAR
262.15788550026946,-9.503542709129576,15.52987145956277,14.707815486357093,14.177194323065875,14.151110189773163,13.991251795367958,0.0005538128190375625,STAR
132.40192777893117,18.106980004911108,19.9287997986069,18.999996400025346,18.466547854893456,18.482366812025756,18.247806082144987,0.00023071752956552684,STAR
227.6300990136886,2.8222969853696043,18.61405401512362,17.600361910319126,17.26357697109978,17.151409590544308,17.042544471749782,-0.00024564902600332646,STAR
228.0706958739221,75.49055517859512,19.168650878424504,18.613534760476504,18.170682003166114,18.019105711412063,17.77867489814725,-8.406676311676061e-05,STAR
192.87888626691304,-0.5465730769505512,16.14287794343876,15.289011243632018,15.008142046753449,14.769676169881574,14.42157991182913,0.0008211888098006653,STAR
32.50431721958699,88.58844266819628,17.27564719551088,16.524223673877117,16.068928934473913,15.906069767738538,15.817964872718528,-0.0002938232387461886,STAR
300.7088984121257,63.25649239411723,18.336605396119996,17.61545440130155,17.121865675829714,16.80616330177294,16.77191899998665,5.277118670878283e-05,STAR
115.4808233898249,-52.468107415679555,20.32964089671971,19.684936582587635,19.12095964827796,19.012407915164165,18.934755923159994,5.240830483147928e-05,STAR
67.14666374394753,77.50713863590494,16.130733385135066,14.973496358498103,14.841740569847982,14.694969004463163,14.453842993983873,-0.0010412548351309194,STAR
14.67905095971501,-69.0540483806143,17.501494949122648,16.735678596039822,16.239140266893372,16.17568008676755,15.8455533988752,-0.0002264514354430272,STAR
212.72145954776704,57.14094752841447,15.807741068414334,14.87977951905307,14.55888616907793,14.488123513514655,14.314861292554262,-1.9235402932309034e-05,STAR
243.92317026322166,-21.48780717421559,15.465418478307594,14.668823965029897,14.42517795737134,14.172178736496159,14.050436981528701,0.00023825762302788782,STAR
5.971618414028215,68.0353776801125,17.444775366638375,16.590228793910185,16.221341214567552,15.95364116658059,16.01841132097703,-0.0003507095124847379,STAR
184.35350098774114,66.25020421934107,17.69021273780193,16.738355142076895,16.327046716594882,16.132620733627494,16.026032296494357,-0.00014649667899127182,STAR
81.53847907125767,55.066572021171794,16.16185837243372,14.948248688034289,14.795067812344236,14.370468906343289,14.373364091617374,0.0006516665459603781,STAR
232.26220454740195,52.205478535271055,16.13676866625488,15.014679791140997,14.6002006261499,14.48984180664481,14.545823885613828,-0.0006930176097417416,STAR
62.771914441796916,-35.157754962352655,18.35024917387691,17.441858587267788,17.270556032610912,17.09331924886039,16.933658556296677,-0.000324960939574968,STAR
248.73758571688774,-75.43452905077461,15.51929618751494,14.476185150283312,14.057525313709775,13.973294959186791,13.90007916124618,0.0007114620506152994,STAR
139.22472466819346,-17.46356782227093,19.68239972138897,18.92599393793799,18.32376083953445,18.176473805713613,18.026194396874207,-0.0006271437701461823,STAR
337.22279594522445,-58.76558730242844,18.21903482085595,17.708101770994986,17.296059252371354,17.077915040011085,17.095539054247304,-0.0003632824729154282,STAR
49.507539892557574,35.09119600244311,15.427785899248875,14.544012279153277,14.126048056361872,13.827767149911994,13.854983133281676,-0.0003027055908063706,STAR
122.78388637809306,-27.702049223198607,18.314837090714086,17.176840743139095,17.026017239007157,16.831908466551468,16.821545144237234,7.392412099589561e-05,STAR
40.85046764661207,85.60983615478469,18.43857639864137,17.81439710262984,17.299238015069083,17.098722884260916,16.856192619901243,0.0001147823417206835,STAR
332.8897025802826,25.374973922159768,16.583984067713086,15.803465320957198,15.504514978709857,15.131602240295326,15.0227898800343,0.0007450985969429051,STAR
315.8421672171532,58.04650145418498,18.59550235150123,17.655463526494188,17.350029545154744,17.11136413034127,17.20877268965875,-0.00015849187124070395,STAR
92.85898597745602,-66.14555890646729,15.476779813155439,14.594498320226819,14.07087400798503,13.956195270134964,13.966571016293447,0.0003016303732632358,STAR
237.59425657230446,65.16260680907206,18.78885949902195,18.23557965837332,17.75167357287732,17.516668223929734,17.352472776028808,-0.0002876437805796744,STAR
294.1999920724377,76.09629429241099,15.959717111966606,15.274749867330668,14.703055924593377,14.620423392487782,14.538868753551707,0.0003143248037187236,STAR
199.87229217580645,-2.3288546125915417,16.71685270526292,16.077767760205123,15.720990507549262,15.528198945142854,15.401379808494035,0.00015832791243836924,STAR
190.67420820816233,19.12552879517594,19.614417777921346,18.805841232704836,18.295634535430427,18.13375438174408,18.038596667235304,-0.00032858781161186005,STAR
87.0668247241626,47.665764162539176,19.005274984902474,18.44635189265985,17.912292640155894,17.814958694789464,17.90098060429923,-0.00037915708690759454,STAR
33.51699641012372,-58.52904709312574,19.22347569404942,18.356875092602696,18.057016336887465,17.84761892754382,17.809621844701596,3.0303737279351917e-05,STAR
322.99767286319764,0.4618937634196385,17.299508933795654,16.462958860894712,16.01932090730167,15.865881910486687,15.723903753255195,0.0001831222439703139,STAR
324.150500578799,-18.240655000983637,17.062369908289124,16.19295582976152,15.851223209180448,15.629500950030543,15.664847481826618,-0.00023478627483692886,STAR
227.91652461837646,-63.65268141079516,20.132618637419718,19.17207502021992,18.835590219519272,18.659251382959326,18.559664957960592,-0.0003302614731208569,STAR
122.05072477753224,-23.84380398752434,20.227472897787155,19.720609777645322,19.308666545022284,18.99833860625452,18.79299686785609,1.1641083330009043e-05,STAR
125.71544686055792,-77.72898431061115,16.972354529542823,16.14759006663277,15.775989003856935,15.415722793113403,15.489490270843612,0.0002361688245005854,STAR
261.3440443932862,-85.35385674909234,20.524153557672452,19.55899650657497,19.221719310001312,18.943866296072603,18.986175972231134,0.0004604878563142455,STAR
322.95969358292774,-65.6700679521319,16.578027757988462,15.795018458544892,15.391390898293425,15.17571160963948,15.206901798454046,-3.3487183939684806e-05,STAR
319.35111273544226,83.36072008605129,17.3595180155532,16.47527063097444,16.041451824446952,15.925612306267503,15.817794362481035,0.0007226138685837335,STAR
280.7551965087446,8.91531646110306,18.71503001302161,17.708549958964035,17.35038936455703,17.190878882683233,17.145540873497186,0.00042294732215129003,STAR
231.1313926155436,83.8479890075796,17.250617950787092,16.457228511752025,15.985358509146057,15.722154211158971,15.703678084961624,7.491821992928734e-05,STAR
30.29038739821758,-12.15038190057625,18.53511973917756,17.788875806658943,17.465549124093304,17.297176890493706,17.120111175661865,0.0005408810715468577,STAR
58.18633707406096,-33.87309604465328,15.969481653863816,15.139480288324338,14.762851497677332,14.583615605129944,14.329070495443307,-0.000501318250921306,STAR
323.47950786974855,1.1055353112439406,18.214886716623333,17.247175720739488,17.025145753656457,16.84762440522601,16.54484619825197,-4.2534801012525985e-05,STAR
218.31446147745237,-10.887896046076179,18.61429019959363,18.221891502977165,17.717268536427152,17.41674978762562,17.39832713388061,-0.00019391627054275726,STAR
3.3109385819866732,-70.98035683288609,18.588154497167803,17.73649474012571,17.611009836187705,17.301853424585378,17.066260339983735,5.802549838375265e-05,STAR
36.529755431771555,25.34873664423712,18.477863100530097,17.68038165652166,17.266858719920254,17.12786036528765,16.837364943909627,-0.00016345436501466807,STAR
238.8606368789001,-51.11312714827207,15.09404660865184,14.453376700701787,14.01733263726923,13.814693494677751,13.601733862015067,-7.260126485426686e-05,STAR
1.8221701846387273,21.52583188160932,17.833135876434852,17.069196771882975,16.890939554951053,16.68275746087558,16.507511725708532,-0.00018151699406563352,STAR
57.890898510299515,27.036196631667607,19.5093722650924,18.616317500240676,18.41838172094769,18.376575897693783,18.14094566067875,-8.911591673485327e-06,STAR
197.544164171971,-62.63552643684334,17.89501750725161,16.895216480648948,16.672196974750694,16.412761055359674,16.21566110330033,-0.00020685483217950496,STAR
249.08227116936956,-78.95706712007973,19.854054715914884,18.854023904024075,18.46468081323704,18.243004738464172,18.026674132553786,0.00018861695216728231,STAR
234.7060534209362,50.537085492319164,17.63367302181112,16.665534990766293,16.294875410560202,16.1689521283936,15.923444414444925,-0.00012479480345920166,STAR
80.73695140580152,-7.235923721522369,20.421167767560743,19.611046215282887,19.191586951867997,18.949937136326593,18.99015282295618,-0.0002202207726833951,STAR
256.38451968511293,-79.53051680901436,15.740055698606657,15.105701508404689,14.697988305389103,14.43631246618636,14.293265783571103,3.403161279199598e-05,STAR
85.40967149884803,89.07593709055809,20.542889922968286,19.613723671087723,19.267825001427166,19.035711838946952,18.955753071378844,-0.00013024442085940146,STAR
117.14389133733638,-79.59949902065401,19.336049602626545,18.542845225624358,18.189324105252485,17.914912882249673,18.025208547653122,-0.0008933115277423058,STAR
268.7369058424887,35.10634119453957,15.945420571191645,15.330700144938538,14.881074385953056,14.521858361440383,14.644836256937596,0.00032431945823668395,STAR
233.86784365699728,87.06220654741446,18.774949781361233,17.83087658317235,17.53940682275208,17.291059119172576,17.200088544069143,-3.784951705971556e-05,STAR
305.72042777790404,-46.94758124113339,16.649511968642898,15.89456165245736,15.487050562404114,15.21221210242704,15.16694464087173,0.0001077179010322936,STAR
236.74064122812362,-64.39511363630469,20.7941336494915,19.740365546830258,19.456775999883146,19.078831308310285,19.058875949910938,-0.00013239126944544224,STAR
204.59109720076978,-68.1507109039628,20.536636431568716,19.607443576899612,19.14922655627148,18.917089003891682,18.96296153272935,-0.0005691899701046692,STAR
33.72291641811329,-35.4104734378328,17.20240849550809,16.24933063324281,15.935613010390718,15.852308665741441,15.629955831057398,-0.00013487525511646917,STAR
132.37768910139607,-71.8117540180836,16.65299161221513,15.568983865505261,15.38659722121833,15.172416553646382,15.115244345491982,-0.00018517580481010331,STAR
95.47285236542116,34.58904150494374,16.534014207078844,15.50797447678632,15.106085040343315,14.986568613459736,14.711486852653056,0.00045882455113617216,STAR
87.83627161647009,-78.78747633658871,15.297206314402057,14.76570961890677,14.2703751781438,14.090943466636768,13.961379757539742,-0.0003157354022878698,STAR
350.28379971088043,1.6959830669621425,15.534483223324143,14.889130755467963,14.51732310730714,14.276599482200911,14.259949835732792,-0.0003228559931917345,STAR
141.51518088003374,89.40543369353583,18.227708041861085,17.506336778426327,16.93721386067754,16.819345872078717,16.59698812503811,-0.0005907699710127606,STAR
321.1367598637608,56.51464851108338,19.436216761327845,18.56543739237056,18.209935576483165,18.09978673682875,17.854997297612833,-0.0006679470666694923,STAR
227.20990535901464,20.739498881581966,16.493636968428625,15.665935590051225,15.156192287919328,14.977156539251776,14.941974190678494,0.00021451636380687597,STAR
286.13206927499346,-34.8743482584099,17.99451432483449,17.064471032548482,16.765433016388844,16.521608444868008,16.335653665217574,0.00042674803535041613,STAR
180.94935351786916,22.30125053249492,17.52636090870288,16.885482004782947,16.45499154863831,16.242162750445914,16.12825290454226,0.0001518558593543862,STAR
207.68539846548927,4.867463504097287,17.354129259746415,16.51589062198486,16.14507645984671,16.127992429530483,15.798595015403183,0.0005166540907041787,STAR
177.306369774791,-13.304990899733127,18.778978406246857,17.8174157624774,17.42032941647595,17.308575499465036,17.29203995493176,-0.00033797657543739855,STAR
70.28747560729602,-66.4721321867641,17.7216830241468,16.795465132917943,16.65729518800703,16.530268629575247,16.252926202874377,0.0003391728693413056,STAR
260.0827614941419,69.58875874328402,17.617596649817095,16.82335688332341,16.505010817678595,16.29399426778987,16.03905866570126,6.8901754564415e-05,STAR
101.0780504787081,-9.038763212161953,19.432448158256435,18.470479656541166,17.9116180053527,17.873779894527654,17.647502980107188,7.862541905698578e-05,STAR
8.753747915323382,-54.967947872262286,20.08326935168618,19.2584283758931,18.95464290670503,18.834103024820788,18.575987822096618,-0.0009561217469877752,STAR
232.3700265265804,-23.803316842087867,20.02802388033581,19.06307198940562,18.704859171450032,18.48846762720105,18.36711625407626,0.00014372103203430197,STAR
63.75984458653762,-15.456644544793136,17.644200076290772,16.68347774704364,16.476110764716125,16.212546504715466,16.00884109779171,-0.00024455409895545127,STAR
338.56509036704915,58.95682120203736,15.522757606768664,14.440563417236211,14.248761891024946,14.098658096623186,13.987100558242728,-3.357090194907016e-05,STAR
343.41428772093144,42.050588501052374,19.16324485289511,18.432732570763967,17.92543727779484,17.78489785338664,17.686959602281398,-0.0007558597168384612,STAR
329.35118047936146,48.47488085544117,18.131765423741452,17.538954852445194,17.17719249656683,16.78459530046253,16.811989546929325,4.962909028779741e-05,STAR
133.25713209196,-88.0143724028435,18.539658809677498,17.54947777901721,17.322571471543824,17.185692493987265,17.26964900235941,-0.0004493976132958392,STAR
5.564381950392274,-15.092280327642925,16.827589751160094,16.248452162899262,15.81333856164432,15.679984095660817,15.526745827739353,-0.0003303936712106066,STAR
334.1946825315811,-3.3580527056417537,18.567313461588252,17.97356454321309,17.521916528722485,17.480778873643924,17.114182612657707,1.1383032473263552e-05,STAR
154.14629339423317,-86.5453901718498,19.249767028638207,18.399617176487656,18.084071385815225,17.83564391726262,17.7571534247317,-0.00010811070440406586,STAR
347.995734855721,-43.23362242589384,19.1441256551217,18.470529346972533,18.074550539468664,17.911460123533917,17.636963859538362,0.00023702690953893228,STAR
346.903191752131,46.85216816198431,17.745176738115713,17.046565864508832,16.62348630705555,16.410447407057667,16.516778415493036,1.151632549539267e-05,STAR
307.0834039682496,-65.32025296878017,15.39295688331188,14.760573853139174,14.336752485091205,14.094375923413573,13.992622473233235,0.0002784671988637156,STAR
106.00160114505084,6.355823661466502,17.510254109329836,16.6642135962148,16.403648383693383,16.266931291752694,15.895891346915912,-0.00044886129515239894,STAR
138.6351822966931,-51.26366303689725,15.669256447431621,14.960449890074537,14.666356809756104,14.450600180840738,14.372652255339986,-0.0005664908223170582,STAR
306.4092017460685,-87.8182605640992,17.949218916856733,16.8947644883307,16.457893349692824,16.213683243545358,16.29343537212678,-1.2161106612199411e-05,STAR
114.09192185625996,-46.58373763208253,18.31461352488829,17.786961311783596,17.403618286547594,17.123788519882794,17.127066604211922,0.0011258617777890213,STAR
61.017388806993296,85.65727588380969,15.953194973645807,14.784400640621122,14.559454322542114,14.304480176982256,14.26010408356729,0.0002839137162334752,STAR
200.44845448500607,54.27668013893813,16.112963663872403,15.138497849516211,14.74173363251835,14.474673315463747,14.468624297007128,0.00011170713528661038,STAR
337.01571869788114,82.72379597778601,18.569857298369755,17.75252804718361,17.46746409765276,17.319469132696,17.03785108078069,-0.0002303779245694912,STAR
250.5707268029903,-2.1862720932547575,19.129843264471642,18.545990526030874,18.138183798245958,17.969532220503257,17.82416931782346,-0.000802982744298004,STAR
205.2220212321714,-70.24748423804937,15.970265221660776,15.177607585240017,14.793401769232641,14.731482321469636,14.47740052599168,1.9868422520105817e-05,STAR
34.983537757476675,8.632708015264726,15.586047321823623,14.566940300065419,14.232351440770406,13.995756315877928,14.003327750755776,-0.0001549447858211245,STAR
221.4026016117011,-8.212079779207045,15.960381649305852,15.17706561227029,14.763258644947589,14.52139405041696,14.344192568887689,-0.0004874861314699503,STAR
356.41938603753476,61.98427489313087,19.14376993365546,18.19545682336328,17.847837831227352,17.660228616240314,17.404424112864877,-0.0003115348171281739,STAR
50.43024548514865,-72.34513545883597,17.056521137229716,16.025382848371752,15.727440287407711,15.459746467516714,15.307073213122925,-0.0004377459190200574,STAR
186.59867485094523,-2.116595336079925,19.592875665261825,18.406011146612954,18.24053939414293,17.929243240871134,17.834787412804765,-0.0007560040684731772,STAR
315.85430589406394,-62.99124035508284,15.950367387604832,15.155952577082989,14.930090220970605,14.673276438512872,14.792545138672232,0.00040000868603712894,STAR
266.6767023915136,-31.558333159789207,17.3960605870916,16.871961567511818,16.294187682362043,16.106523777197566,16.11337725832908,0.0005087569687754626,STAR
250.92566675829647,42.72427392980393,15.434312036950162,14.606967984240729,14.214534453882479,13.794145414561823,13.936827008903094,0.0001933759567720155,STAR
252.89427023535933,-4.316736713622021,18.458582163022946,17.632551006783707,17.125440179928724,16.790927310236903,16.940223294106246,-3.79296925123489e-05,STAR
129.41681443911187,-22.34010867376152,18.91954290158812,18.230962218613797,17.724479757985467,17.739985251576424,17.509433408628503,0.00012751867646357357,STAR
105.69306393521761,-18.994269857393647,19.648081319382392,18.953972175225577,18.54619678438419,18.383941515036355,18.218690776876034,-0.0007345439135081589,STAR
291.3700159722649,-7.299581686922409,19.775527400375445,19.057828797780612,18.69857070925587,18.46053380698435,18.402936697639454,0.0006032989612740008,STAR
291.6408220845051,51.302977890670235,16.378522727627157,15.554524188339144,15.242379897519536,15.090469272094213,14.950219964157688,0.0001227924290744951,STAR
312.14603468883735,70.5752440092422,16.170567835736293,15.482969385139645,14.936793930685697,14.863987109216266,14.675618469385835,-0.0004431766683659984,STAR
328.76659892032967,81.96024357070709,18.469938687644838,17.726120182176032,17.352222425922644,17.15351654844354,17.16084206288197,-0.0009705568282140834,STAR
184.08326358993762,51.642609525953105,17.957395353652167,16.997864637981575,16.60810036650432,16.482176509661336,16.391126828069602,7.30117121589755e-05,STAR
180.54586608739186,-33.22675876535771,20.04017689322337,19.748439684799354,19.30350460536257,19.00410507163348,18.89276778410534,-0.00038789748785386977,STAR
287.38626442803906,33.86424709557758,17.30825925196619,16.642262850715618,16.21706581144125,15.933474705846416,15.756840370395977,2.9573114812200847e-05,STAR
233.98701507999544,-11.23143767002945,16.902063118053416,16.086709443960274,15.780406408804076,15.391767278076484,15.445063367442364,0.00022333456928468222,STAR
252.70807581277322,-44.15928803171079,15.227195944505537,14.313826154231167,14.132678798158958,13.950356598593505,13.976914888952539,0.0009121997225910432,STAR
286.4853609969964,61.35688429666607,17.430214882912598,16.74890019593965,16.162378782511322,16.07264109812211,16.117930711014193,0.00016788224334290638,STAR
320.40192305432385,-83.0832571867815,18.226412527641767,17.172420193974382,16.813602837797816,16.542946632726697,16.448302342101268,-0.0007640847715145879,STAR
121.6782564665529,72.31715858437624,19.717780364014377,18.691965976702143,18.2076941539601,18.17115445058653,17.940799810832434,0.0002794755254068174,STAR
135.20986295037986,-6.9340563675478535,16.176547096632568,15.637339412178433,15.08888316907002,15.081419629641786,14.941294482470763,0.00018857594659793604,STAR
33.83349834271284,24.69626582549047,19.980303812381035,19.039711160625703,18.760566079131095,18.631709151154972,18.365267462631614,0.0005697983284987791,STAR
208.18085075862263,28.68370599704089,15.369278689691345,14.81825329965665,14.489422523407198,14.35217423246848,14.133436240849685,-0.0004985056055737722,STAR
12.93921856682715,71.12119332717654,20.116582653276883,19.3749125952398,18.940101427685867,18.56591403237023,18.513432200796927,0.0003717639939163262,STAR
167.61528652768567,24.60054279009732,19.014584996389566,18.328494713996093,18.04574590494702,17.69107215292656,17.64994341876392,-0.00023454427438851746,STAR
195.35206849472758,20.508045256811116,16.891864006212113,16.13847958307258,15.806742416597803,15.381131846422248,15.518020624317359,0.0003892406244060288,STAR
103.15485076618239,-78.0026326990758,18.57961650219739,17.679290662917197,17.347538324837323,17.087661301218215,16.957855936593987,0.0002733041558013303,STAR
212.69997380484386,3.3134439501367297,19.606312541746608,19.008074220431215,18.68925144922845,18.306747612958084,18.223412104667588,5.0507094493627274e-05,STAR
10.980089978057794,-62.9695798529325,16.681705388004115,15.925530587800143,15.67599309487222,15.33602546897939,15.234977230471227,-0.0004961417008603889,STAR
13.44534794971719,42.738078369867395,17.25554210069631,16.62324139787738,16.14019975722655,15.912879361377145,15.854481727377955,-0.0006982829731438608,STAR
296.13620183747696,2.1999457462814007,19.492756314689956,18.68806888787547,18.347234774783423,17.993886356387208,17.93786395335522,-6.758608266500439e-05,STAR
129.66863090805464,32.44100025750359,19.055627915510936,18.24788248423509,17.91962310563707,17.572474630618505,17.482357036901526,0.0004145211568289919,STAR
45.741784554678524,-82.49887789157083,19.594094293428867,18.68514202994289,18.51054530656251,18.351680760947982,18.272340676100253,0.0006416365013908959,STAR
188.00757361972958,-74.73743711175543,20.3039972420192,19.368484292491626,18.94998732891681,18.873301664875125,18.52670118444722,-0.00012694019689701394,STAR
277.1976791154999,38.93820985128281,18.41175402276054,17.68175609554896,17.202436655138296,17.16848316098312,16.689630815921838,-3.314426901436617e-05,STAR
77.69556989886354,-77.0248195202388,15.894266712258178,15.404449134511733,14.987246195453917,14.665868275581643,14.7401210742143,0.00028634909787638384,STAR
224.2405712948401,-77.17378900225346,15.88159062166697,15.0423539477084,14.563669739477271,14.406934102093667,14.387688943354183,0.00017822583251099597,STAR
30.72508739775648,-87.82047445772025,18.285949347916414,17.785237640621414,17.149162160008903,16.978036267775384,16.80819514710754,8.930833436810435e-05,STAR
18.605419620698772,82.17025169390641,17.652010178928855,16.611744625629488,16.412752112014793,16.130843371256784,16.042541659859186,0.0001754007078262951,STAR
191.2876673645333,42.75150470262125,15.417973076306518,15.177928945728139,14.588485977466394,14.311602049195912,14.289434772334445,7.047592900107696e-05,STAR
194.62864377963834,-26.414746469628454,18.58236453206398,17.78161781168218,17.472096121241027,17.23134638051352,17.25552125616418,0.00014790937484602246,STAR
229.47476453935437,-36.62359536822206,19.15558428542006,18.253660704096138,17.948916447139386,17.598331850730474,17.51686611566658,-0.0003856800285692979,STAR
261.3928801401582,-27.05341864574708,20.43319752823327,19.569830070009424,19.18521648987609,19.024382344661465,18.853926450009816,-0.0003487082752166309,STAR
351.3067486065125,49.43763561261272,20.58487802904939,19.888342403695354,19.397892981679252,19.172858762234057,19.15774504516296,0.00035046766687649313,STAR
185.86812538843031,29.046709992674593,17.710745329060103,16.8629169167401,16.565222407186468,16.321899363129994,16.087430189423404,0.0004163656331229495,STAR
116.26433025884855,-56.664797783855775,18.0366230399675,17.06741567847386,16.957735509861678,16.602366087909523,16.71479081542496,0.0003783478574736583,STAR
286.26703011673334,-58.66031963986482,16.560573299701726,15.837334536926836,15.458688544542602,15.283492059641997,15.27492440849465,0.00010583381441164446,STAR
97.49961045434672,-72.28878305158848,19.832403053423143,19.07653001368054,18.910911028017715,18.654652195886538,18.544267833901575,0.00027834553563751415,STAR
158.02971145402898,28.85448954624087,17.563783577602727,16.559287328793207,16.30652978074895,16.21147072092244,16.076830713613692,-0.0008094615912048669,STAR
28.244297283215744,47.587079199912466,15.774554521944756,15.052113875724157,14.477694560961154,14.262637035114821,14.317410036867432,0.00011863077541212204,STAR
9.126267629564705,-42.29164290149927,15.310600552010621,14.436907687967643,14.06931710389951,13.97567455847428,13.905707340568664,-0.00068346169885705,STAR
346.55342928405304,-86.2299070144357,16.88646041364586,16.093107104321447,15.55032615679897,15.401197976385609,15.15016925691744,-0.0004625663266975427,STAR
300.9528433843941,-75.20909985424308,15.951068102789161,15.013129844570564,14.636285763896549,14.530867644711705,14.58032819966367,0.0004972937321917855,STAR
250.55071419373127,84.21480627210548,19.62491191903534,18.74944774339338,18.27498300154917,18.15856666214395,17.858591981264976,0.00042155662091835326,STAR
147.22305998913717,-36.819940054064354,20.48067629032518,19.62270364417882,19.29486525789221,19.00340662487849,18.915455372714295,-0.00026155196546084013,STAR
62.38595522550448,48.460166610864064,17.98214440540444,17.061247383068398,16.76309679679234,16.519145515850422,16.458581559290472,-0.0003830275820060848,STAR
56.31733536159098,22.43944239376748,16.551614654539634,15.592538763990307,15.354178968342717,15.123977739905438,14.930061973512007,-0.000743765330378504,STAR
90.08744333925432,-21.250864862478736,17.28627745138929,16.494843350873232,16.150914800327925,16.063134132788328,15.908687450044518,0.00015176215904204389,STAR
197.72159929420337,-52.97629280480008,20.17097776837012,19.2527090391282,18.924526277772404,18.76611323383313,18.64207371070862,0.00015212273696061773,STAR
257.25453217202244,-68.15044473130683,16.770360964387365,15.96516815442829,15.649831890514314,15.385702910760813,15.31698474610559,0.0001376215686253866,STAR
237.67105561838326,20.70233424699599,15.745228463483022,15.170926951232905,14.784094554019571,14.415865434299661,14.614043457919657,0.00016607064092922873,STAR
100.77620290053942,49.43408051480185,18.746511055976804,18.23107737370852,17.75203599846033,17.510612794262116,17.47149287259843,0.0003780846138445934,STAR
343.7515010387499,25.90276563740352,19.94172343809664,19.098138277738563,18.523605899861856,18.441694819918656,18.259961537509156,5.527625471360594e-05,STAR
265.64289001047666,5.454383984848491,19.461016235183614,18.77047047044801,18.24183648695316,18.24946177888611,17.811737566014507,-0.00023906707330194284,STAR
199.56745890410426,-82.44877978230548,19.411540882904017,18.580241200064325,18.147394155444786,18.05983109148124,17.878966615655045,-9.509403081535391e-05,STAR
220.2194686443668,84.32797996698909,20.42612249098863,19.50108021372155,19.060786519848673,18.739852764428758,18.70920645985782,-0.00012018637948828149,STAR
151.05602247400438,53.76855449782343,18.688888263851997,17.816651195747088,17.48210494601883,17.149810679980675,17.310037239547178,-0.0006431579225716277,STAR
89.18315622041669,-37.292033393826344,15.909756936017205,14.933913996438983,14.63360147163064,14.292643351634961,14.43618980937725,5.659705986303317e-06,STAR
128.15016431445417,86.3946592845931,15.870611770808084,15.061669243466516,14.732364260624955,14.506700977073965,14.401721811933179,0.00046613096712086466,STAR
272.82459976717286,18.33868613453798,15.509639002391676,15.068237710101354,14.457863589746434,14.352712662201604,14.20713032767195,-0.00039381362019278723,STAR
5.181655906712113,14.836078477304369,20.492389418738007,19.507032781041325,19.19700318064921,18.871336815531674,18.731242578513694,0.00021892106991078955,STAR
41.786150582489846,44.65317229731579,17.094650183562546,16.406312418433636,16.013977660043583,15.612962611986129,15.68587700420579,6.323569012927377e-05,STAR
16.56095112783099,56.11856185622477,19.894529778974313,18.85680213052691,18.53463625788404,18.306605206379714,18.361300703997124,-0.0005908059451257713,STAR
14.662368834829248,28.16614931967048,18.50128150438924,17.839735135649313,17.447844508131062,17.304243106209658,17.233738098905004,-0.0003355570696102945,STAR
307.9658102439626,-66.942765654084,16.772069979996886,16.162333663208422,15.746807530891628,15.643009868661009,15.40372035574749,0.0001661090316453096,STAR
253.31682937680853,-29.11184892099029,15.255784105231466,14.416439542855986,14.104705893005463,13.620403998943,13.7457434800222,-4.232750299907915e-05,STAR
170.70257847143708,77.05505525868895,19.399482238045525,18.30822776919094,17.982959795795797,17.70356035539199,17.51377124209026,0.00016583774021624632,STAR
35.22029783436053,-49.569189868106655,16.66637310331769,15.744494748029092,15.224715749862243,15.058818216039018,15.040600882580886,0.0003351056886186357,STAR
176.98171504205965,-23.0099357092476,17.447430369586492,16.85855032261606,16.391235336372223,16.369655351644465,16.163757818836086,7.126963390777393e-05,STAR
170.44983748100364,-12.226161070044725,17.994467963072534,17.08523257908337,16.66108801500726,16.583492783079894,16.43610330234518,0.0006465200170887666,STAR
62.35267316760547,-10.9071018549986,17.88385521126762,16.970581627427347,16.722114707263188,16.49419982184351,16.444728352030257,-5.343911733110778e-05,STAR
156.1865937256703,20.32912484901459,18.237320115491745,17.547296963259225,16.916039262756605,16.6565222794676,16.65641245705255,-0.0003209120108558174,STAR
143.46170438305444,79.75365079404736,17.554100381325682,16.926564508801828,16.441634102508583,16.16513501979659,16.177573003892366,0.0001602767348342827,STAR
221.70603529879793,-46.67531187014911,17.37565446026179,16.70763654376435,16.336695243941563,15.973573127527686,16.052105986501644,-0.00042204307019217974,STAR
228.63371431235177,-68.12975226583475,16.689689983363454,15.823190534581354,15.401627384581797,15.27511155555608,14.932592130803219,-0.00031546877246054503,STAR
16.309443517936025,-54.45531182521128,20.854731994982384,19.764127269343053,19.38222348768132,19.287306306162446,19.05446311104117,-0.0003800253989864509,STAR
134.86054126552963,69.6464820376685,17.270488353100475,16.53647076592357,16.246495106736305,16.0828669516933,16.004547313590823,-0.00020342490131027244,STAR
225.3095696571251,26.24594627793708,18.608546245870276,17.742686030526755,17.339955815893518,17.073982694794818,17.15622608315215,0.00023119140945582287,STAR
181.12905308883157,-38.536777936951175,17.383503708970586,16.660785992214233,16.19734617792903,16.12646603869749,15.95096941044422,0.0002190623087676769,STAR
308.33634282779605,56.870449014351095,16.36645778607297,15.540709644197065,15.109076289373183,14.901980921733026,15.043849567557416,0.0004737026580784692,STAR
237.12970738282021,65.04659934541849,18.753969406731724,17.920975359974975,17.558259251031473,17.389727066087563,17.045025384587966,0.0008449398837943016,STAR
58.65639374931469,62.372580964250034,17.975913819109007,17.095476085203327,16.823957193128507,16.545871218879302,16.325427351260867,-1.995206165124708e-05,STAR
25.404749064154743,75.40677605511979,18.78561936764344,17.95356237525653,17.511209723182812,17.3940310689858,17.267623522413007,0.00022256868218341612,STAR
231.27094015427363,-44.59661636879491,15.396188215980107,14.871090963486575,14.426885044316109,14.240605886976308,14.101103388429797,0.00016590915631551638,STAR
9.544071794983854,45.90754717433009,17.619151779417454,16.940475888942217,16.60220642529954,16.4644820139544,16.185750546280367,-0.00033060606849842227,STAR
210.8792092584468,-7.102890490654801,19.857678912722793,19.052377867669176,18.666328558577394,18.516664108576318,18.243340627601746,0.0005123758306666911,STAR
338.4828869129847,61.55973952021108,19.638192176672515,18.612550067993716,18.3780854891428,18.061716070770814,18.06514447700972,0.00040928038933919466,STAR
207.17070403531642,41.12832188909039,15.721649272058475,15.073831374259013,14.750578354816398,14.562843853934291,14.400625994022676,-0.0003899226303691368,STAR
139.7411734343479,49.760540369950434,19.68386643461931,18.954189097504827,18.482956402976193,18.331280224129173,18.288291162748838,-0.00013109486010719977,STAR
231.58375863924715,28.10913078259287,17.74711432969307,16.79373452619989,16.72535910043675,16.534730001654047,16.242337744758846,-0.0003913998183466426,STAR
164.971040576946,-58.062821495452766,17.679808823063958,17.1474689342969,16.702259585135476,16.62197665052155,16.332277263834794,-0.00012380030480151782,STAR
196.42204415373658,8.104845401448898,16.49645225689388,15.740075209384402,15.306142534657148,15.01252788878405,15.062266861376033,-0.0007797487021289694,STAR
338.92733115954906,87.24055311441148,18.121783125465655,17.230024376644558,17.02945802846324,16.864538857163467,16.648369638771534,-0.0003243902535702892,STAR
138.99694960827873,78.72985196948142,17.606851071169253,16.982938403690405,16.589070638087197,16.28415058966005,16.293354205304347,-0.000765624028234987,STAR
346.02860297660914,-82.2287275565379,16.274117532218934,15.568868228746096,15.11030694893159,14.996761225496025,14.733415520717294,0.0004630212766701248,STAR
325.92623110418293,-60.333333168701316,20.15876837008911,19.36412880247464,18.940230536565856,18.781386274518027,18.67624936957838,9.649609936269173e-05,STAR
70.48480852414671,-66.28882077817886,20.021897426655716,19.511319923952534,19.128402901340532,18.980643974805457,18.74023792731667,5.8127222130295136e-05,STAR
24.970068315059564,40.676383797353196,15.913231596052618,15.087027091302245,14.529487368248832,14.43249155255431,14.278203601495926,-0.00030350610317415,STAR
36.28008049587359,57.2013593742501,17.305009797768076,16.627971553788022,16.05791749768451,15.797289990886814,15.786527690833472,0.0002356472715090623,STAR
6.559857234557902,-51.56795406407905,19.283310751355618,18.757095752964634,18.38195034434775,18.248391325589687,17.847560743677924,0.0010196038834870888,STAR
33.99946587213422,1.0534847313292204,18.654543667563605,17.899679649093205,17.40617827164343,17.24255765344557,17.070284516010577,0.00016622029658969233,STAR
245.88243842988845,61.326545042015994,19.72706463777331,18.91582275520259,18.56408324938907,18.290389477226604,18.290846809305542,-0.0006738670308905547,STAR
25.627913445682434,41.9042780579251,17.36060730665633,16.655834443813276,16.242973733672486,16.141309728929254,16.20017436592818,0.000455015605260254,STAR
114.83122690575406,7.602696988532685,16.04827446324356,15.238027412013416,14.872471781127961,14.774052719944898,14.5713373611772,0.00038713040961008165,STAR
304.15511194900364,16.262584282579127,16.01271202626513,15.066054322448348,14.806252309778937,14.594680406715444,14.463097342859708,0.0001563762393123678,STAR
8.377896864897313,1.5048984449303902,16.152051583529282,15.209765633522542,14.818594853163294,14.785945104295015,14.579933038606143,0.00025438710028469517,STAR
293.2086537320169,-36.4412787626123,15.545349951110708,14.728582002860563,14.49704914907587,14.244711274357263,14.171888942587149,-0.0003866931672577799,STAR
101.46771891842397,11.7039587146229,17.229540521197993,16.38928288598425,15.909309995687119,15.647482689230307,15.526163478803863,-0.00014930729837652563,STAR
42.539337943796255,33.99935436901632,19.456270011747424,18.85183159507628,18.350898194826147,18.169533293817633,18.001881230984296,0.00012137487449992956,STAR
250.82537953109423,67.19812485494538,20.544900031607867,19.955165536480752,19.463993698865337,19.235275872417166,18.995446027325777,8.455862698826357e-05,STAR
226.41942484075824,24.532443716264652,17.346012984765487,16.583033806034088,16.12739456457865,15.912141202729565,15.792659829457243,-0.00035960502215372046,STAR
315.88992486973905,47.00187666776844,19.360911121671656,18.61422109553386,18.0951720635542,17.832703638077536,17.727948083047966,9.542198150949567e-05,STAR
264.6255757693989,-61.18710570817686,17.675636608729462,16.850229049863472,16.548401002453318,16.331203203983574,16.46545767778594,0.00035787085697525274,STAR
289.2531349385455,-6.919654604437824,18.780232205833332,18.103535980995087,17.64935428455322,17.547596127683,17.4474652124849,-0.0005600282892732037,STAR
101.53244612567033,-88.32030843112321,17.455867211842296,16.44497145469531,15.862084495305947,15.787999102173755,15.727415406764566,-0.0001613750794485432,STAR
63.878235760700214,-45.59780438610785,16.308216105927812,15.597498511812704,15.111681215444921,14.949750751396111,14.804870769396922,-0.0005557194920843961,STAR
270.221310590709,40.76310872034088,20.044393594189497,19.165501997505128,18.715763317770698,18.560338639754367,18.524781303724364,-5.121074719329515e-05,STAR
290.46050613621503,88.52579124288542,16.860111513449983,16.134893546883532,15.7114915092699,15.648004264774325,15.429019095610395,0.0005811022180504733,STAR
356.5818511202424,-72.14794207430114,17.7858718005978,17.199838750776646,16.565352448575794,16.39281347166608,16.412873938473435,-0.0008979467095570911,STAR
148.54236368811354,-17.73102314496812,19.706837623370127,18.626354843862817,18.388498623295465,18.319363326872033,18.177074355994588,-5.888211147423891e-05,STAR
133.92651088540194,54.01277436584871,19.458129467329723,18.47652063857471,17.98364547771541,17.752623573060234,17.980911324251206,0.00025063791999835815,STAR
279.50866586711885,-53.273585766798206,17.159610710255635,16.43350822018791,15.943962419869758,15.772913845100819,15.747972105516043,0.0012451640804175366,STAR
122.68927449108642,9.915290874411525,16.431149200454037,15.789335169881662,15.32856840948845,15.028380544971268,14.939074545929703,-0.00033212021279368305,STAR
335.0726372172833,41.952833285341455,18.906079442700914,17.99758452715176,17.512095378944775,17.3374846740563,17.40863922580743,0.00029341912540234633,STAR
309.02859066348424,20.877381046832227,15.15715134401003,14.442654637158002,14.079834188222106,13.850831234076264,13.744746353152212,0.00019767208571231802,STAR
154.43784985500662,-56.155547769225095,17.743425178767097,16.95994115539944,16.517231041393345,16.261317084829223,16.201533980792313,-0.0006397579048777245,STAR
270.31358440493904,-26.030777636566903,17.431132768622483,17.009795820280296,16.505759736833458,16.204096724177685,16.254167250379528,0.00039546179174660735,STAR
271.63543467048567,51.082521207371485,17.17067335660651,16.314866758310334,15.89680997464723,15.852572214635284,15.7795327520923,-0.00027468613720131813,STAR
37.12459278093574,9.760772543762997,18.13381589006508,17.561153106739887,17.022785394263177,16.875508108457424,16.915686310630235,-0.0002081755941568444,STAR
324.919046404644,-89.05866956227571,18.702531741207295,18.211501207459314,17.869797769099453,17.598770376874665,17.586611058359978,0.00014046618705083362,STAR
181.89085408122858,46.9783368050569,16.27045152753781,15.59336563241282,15.125784192581635,14.760458027361091,14.913309177634657,-0.0001558171178332614,STAR
297.524687798787,-83.64395611075696,17.328013013614864,16.44419315456491,16.215482214672075,15.96190949278589,15.881439212448345,0.0006430313225598041,STAR
115.21785637102023,44.23208089162179,20.53210834844784,19.830592203022583,19.414177744621245,19.105975589122625,19.058796617867582,0.00035581649246760983,STAR
322.3883622586322,-53.55349917025727,18.47955169831589,17.659504041613015,17.25148930712791,17.132397646241195,16.98286878583339,0.0005912287593425776,STAR
140.11260434429872,82.45322642148844,17.979850970545044,17.462020725963754,17.04419290470485,16.805943090003744,16.78906294906561,1.6450027456750784e-05,STAR
3.9015545329074097,-23.770664765624787,17.87585003778433,16.991813799421312,16.572134252521927,16.4067103877644,16.223976428316856,0.0006816408312236472,STAR
325.93751151093494,-31.152309059145765,15.234502619161574,14.542931335366328,14.24160859568425,14.036339560558597,14.006589549721326,-0.0002402044072740656,STAR
32.86320364300808,-63.20015094015996,15.38944938746057,14.711286220086114,14.355917442732427,14.144613796774756,14.02931150741284,3.124709409440654e-05,STAR
114.95290953254936,-34.99124121176132,19.131643692689423,18.407328096755762,17.93053960038687,17.644774467929384,17.651440852126104,-0.0003981186775162038,STAR
342.02230813828976,67.7971371290761,17.84772767533939,16.913287876275987,16.6470028223683,16.49526053255318,16.5210482275174,-0.0002357809599754874,STAR
342.2185728975202,89.34018077290452,18.410639608992096,17.55519091311769,17.304602028452567,17.04589080145455,16.95582859708744,0.00024414947989011407,STAR
206.437639724383,-23.7042845087673,15.599289326084296,14.838921678614371,14.44782861178525,14.248174887885945,14.183949291431569,0.00033753580385669494,STAR
227.46139638112774,-9.250086428182343,15.565905997615193,14.730441028251986,14.289861419501923,14.202437604611669,14.046098796455166,-0.0001802716065990931,STAR
161.44038791219512,39.972768876492665,19.095542837435694,18.3334915260819,17.970690419806584,17.84230856556207,17.802783559063183,-0.00016298404291664064,STAR
105.55587781130323,69.51524048371343,18.37012168266415,17.33274551875429,17.045306048749264,16.92960862485878,16.628195095146197,0.0001678843281434705,STAR
118.31923633316974,16.747980153621143,19.49692453830097,18.82623087264577,18.43418521031962,18.460771470754075,18.10890300478095,-0.0004520714917938734,STAR
242.10664418773382,-19.52537432799072,17.420251724351495,16.302597825816793,15.79350434116773,15.749908861684128,15.438371230398383,-0.000221478061254189,STAR
270.8548305975648,-15.728068647247724,18.31095464331084,17.473631282406693,17.200632837711133,17.11726308633794,16.742989880116284,-0.0007412073931590277,STAR
284.9684557413055,35.21126636942523,18.360618005644728,17.51426038963929,17.052236089183374,16.780061401094223,16.89078488897242,7.162821258287799e-05,STAR
284.2625314060394,-89.42071255122984,20.325139814077595,19.60186160932642,19.134581924701777,19.118974300473695,18.81693974190944,-1.6517074802913136e-05,STAR
32.83419709752853,21.526080742771327,16.216637561937237,15.594724404350393,15.006329045402538,14.72904859086363,14.79440822305067,0.0002480319993785345,STAR
177.99130969292932,-26.011258120555667,16.648118450092497,15.846718603130935,15.505207488979122,15.35939470126546,15.435906037669211,0.0003308944430629692,STAR
20.721153605991944,52.95551962987517,17.228944416759333,16.55197555549125,16.049373187169117,15.81804797840069,15.789157755849937,-0.000157662308473919,STAR
197.8303976365448,-73.26168483183622,19.446170435704452,18.55182486025683,18.176830694851393,17.906609614344326,18.081003230102347,5.380145847717203e-06,STAR
158.95098049441572,15.876408050710296,15.761871628338916,14.768098516748973,14.688809234316498,14.436321732026919,14.367145657052172,-0.00018931046087129755,STAR
319.57350579298793,-3.424879820497722,19.281972628496977,18.26144711787766,17.758029812333252,17.590275742321843,17.541614589582974,0.0008272904166023295,STAR
126.32940451874833,25.618594662940936,18.81803320330122,17.889626192512587,17.47674507071879,17.329986462559326,17.374707775333597,-0.00012386392487427557,STAR
42.14412591393811,-78.3263529930657,19.713548634388456,18.766409625989635,18.337748988361504,18.04303712992559,18.14967741634144,0.00016955579297759442,STAR
51.47700553902091,14.39708173706363,15.628115689227661,14.969829484758279,14.460903664086509,14.23424596194244,14.035548862177235,-0.0002013849375604234,STAR
274.14382741829,11.067225832714271,16.901249871307556,16.089251973257788,15.681771477047407,15.724928941536303,15.588375796193668,-0.00031160776860799424,STAR
222.558502793854,10.91881699491077,19.99954549272661,19.431245665878894,18.881384345907332,18.751301161553418,18.578026209909833,-0.0003475105403974624,STAR
36.40416340420449,18.627779987361862,19.441983669117022,18.914776685673765,18.506900950948435,18.44939574762477,18.022390503233293,0.00027956787403231553,STAR
30.278450201399075,31.764228700745207,20.121193173564293,19.044905673509174,18.784707883452363,18.387845766989425,18.521937281704204,-0.0004318201646557718,STAR
252.3488873252832,54.89801994253855,19.86048482379164,18.859249340788047,18.356821842325502,18.32673679892558,18.057151054281913,0.000364167399874228,STAR
26.19468229110967,-41.432270376921416,18.238630584941706,17.68093653646175,17.122419207512035,16.792230896699685,17.04304093936648,0.00022490011326788793,STAR
295.86962134452824,58.50889383241116,20.136704666630962,19.336738077740794,19.010899863578597,18.812290484799455,18.642274922252252,0.0004328449251972563,STAR
254.24720177633864,-0.3139771925783492,15.466299305687814,14.856698509317667,14.540061775468258,14.2316216018859,14.382099246247922,-0.0005744366050140227,STAR
29.285561031083915,-76.1295097558204,15.594583869952123,14.867056367669091,14.417585211196972,14.275444213463711,14.173716733815738,0.00021611517761427814,STAR
30.541577070669092,-79.46083273608374,16.183590237189033,15.294730252272327,14.894173121746011,14.608192267112596,14.578256027120311,0.00045263138061580954,STAR
355.1902482604232,-29.837102634709055,20.592439794681553,19.891883645739757,19.493882833561315,19.13035175645724,19.116227328030277,-0.00010197878816143574,STAR
134.73748647220333,51.28145588006416,15.391676468732642,14.389514888206268,13.957579886209707,13.729756170819108,13.678150166148198,-0.00012034881815661003,STAR
133.43117294408074,37.38256825336484,16.71644830378842,16.04560650005406,15.515834503287046,15.402751429667495,15.09833605505343,-0.00022453519857688239,STAR
292.6078442127009,51.950693641033155,19.291493603057713,18.44988686113571,18.044441623288773,17.813412023891043,17.81438500594763,-0.0014328250429950045,STAR
341.0094878581891,3.1084301594896857,17.02971265148949,16.175192608883727,15.746025528411053,15.630627790921457,15.38368790104729,0.00035796422241073014,STAR
354.9603829762335,-10.764180368011694,17.339312718369733,16.39581564871238,16.160208906285142,15.968222741974262,15.822641593797787,1.670946294596486e-05,STAR
271.216146693219,-63.45854519286889,15.779451288035212,14.858242747836618,14.676148863453806,14.383697328865354,14.259098802792824,0.0006355761313776332,STAR
135.45345079112968,-30.92530435032392,17.196167946805833,16.16356926032545,15.82979860230971,15.750717567987238,15.499215410521625,-0.00020188776407484635,STAR
30.060258011520755,-11.87651408870245,20.393516486481243,19.602739288847385,19.257371507910353,18.74881714569954,18.889645300948043,-0.00022285222902889248,STAR
279.77288973387726,-74.0519226576689,16.383789629408213,15.377516812971045,15.1191660735159,14.872742480988718,14.787314527381453,-0.0003537156011953273,STAR
201.02552990488982,-50.28984851198197,20.454520780310215,19.30061552090728,18.98533316087062,18.67763099886159,18.68192696342484,6.467941068190116e-05,STAR
152.71992332891145,17.680552931472988,16.61098783985574,15.499526031540658,15.269997512461229,15.027127566213343,14.884266722566998,7.869692950628243e-05,STAR
326.28757863410493,42.41936056305417,19.91561641195786,19.430679824476144,18.94014247660049,18.767744878392257,18.752967228460005,3.643744250236527e-05,STAR
40.031093630214485,89.70255205073093,17.99810755626746,17.094586171692125,16.812339922061348,16.53426158324575,16.33348322559335,-0.00011349100178131112,STAR
177.3450375447093,77.96039964184038,16.13645290680562,15.538698317970605,15.015609366934873,14.902648559394512,14.712835685034369,-0.0007903853199566479,STAR
4.087312116270865,25.66173591633448,20.240612881152384,19.54795613908587,19.03401962391903,19.04981496239131,18.870502509364147,-0.0009624952604039589,STAR
168.71783111788545,-14.175350407067043,20.013619325371337,19.151902408692518,18.894996882451974,18.679922390571893,18.64000511560296,-0.00013805875245521086,STAR
20.269179245461444,24.51192564748189,16.706592530556083,15.879760192009197,15.313589250896674,15.201769924520859,15.074044952596504,-0.0003816217816418351,STAR
42.77444985650589,51.41729125444175,16.26351512635763,15.327976423416754,14.88267659707692,14.891618793990764,14.682161769660496,-0.0005627773602052677,STAR
42.309448839757756,-68.69948563379029,18.5703056970116,17.737312206542335,17.45244078570158,17.266145882183505,16.94449670718006,0.00043432852769149824,STAR
233.71570876178288,-16.217119854668113,15.558914292682438,14.894014565680472,14.512531181071356,14.367132679635093,14.323379026890548,-0.00029923842584865886,STAR
268.5761565355524,61.16441141441109,18.082302330364755,17.080428587064848,16.75818437891344,16.60481721301628,16.447312998004175,-0.0002348616636124816,STAR
210.01275543497746,-20.910068652052075,19.34211675223459,18.54810223427545,18.189629398101165,18.1290612129315,17.87979194503243,-7.917737808283189e-06,STAR
346.3821174508351,12.937008820893581,19.799643608557524,18.69360647058012,18.56589932113407,18.38958285120679,18.210799908509028,0.0002391724136914431,STAR
134.95340862853345,15.798484955195676,17.41858249275873,16.641291735425426,16.162884420655168,15.967700980041185,15.857355036709034,0.00040864919362921555,STAR
102.85635106146987,-56.794274435944914,18.62089521672892,18.018903777028637,17.60127223772255,17.44417940672081,17.453382871490412,-0.0008982681753089984,STAR
312.6956861482057,-24.79762050258809,17.703729738985185,16.851579089442115,16.40652854066717,16.08769695215679,16.04989664369664,0.0003367123099136051,STAR
80.49450186700295,-29.787968026452212,17.379085559768086,16.75153963598306,16.322623101088045,16.0992037481417,16.241888538501485,0.00034355791866394925,STAR
346.76011419862004,-85.28459246422834,20.393002588159796,19.26177590186546,19.038901970670658,18.863795949013745,18.589716651338765,-0.0006011482434729558,STAR
4.375610888333883,-85.64548249955605,18.034328995039946,17.25642213457525,16.903492480104067,16.8035415676454,16.63646998134506,-0.0005558518683422182,STAR
349.15637761475006,59.70546786163922,19.93416004624649,19.15004715017992,18.82565071676635,18.501113961921764,18.592598529144034,8.419851956860145e-05,STAR
15.5375683022074,-40.847254204893765,20.546970536794564,19.807850963153957,19.248876100957542,19.07708784296086,18.97490161339722,4.747163362707649e-05,STAR
320.8115209313056,3.254177922986784,15.852390490668167,15.332501373596385,14.92171462322535,14.770848999055138,14.659650051857367,-7.904818711838625e-05,STAR
189.97239927106796,-36.229396754020854,16.91206239741898,15.625873230677088,15.513631147562721,15.309234327055679,15.321358566648241,-0.0004726092646658509,STAR
357.4673266029481,79.3222641207613,16.00246587173323,15.292227955864885,14.825181564917548,14.512286010587957,14.535917879143858,0.0004195456567501449,STAR
26.56676330474359,-43.32658340416073,20.038377414988325,19.202233250321953,19.124783429315507,18.893188849605824,18.85410974775836,-0.00010086138633742992,STAR
199.3875423844755,-12.661773706991681,20.21425694615648,19.47854057945084,19.06391873312507,18.86486269782689,18.736845055246544,-0.0003992849034045621,STAR
348.9489128228756,67.09144508722832,15.206016429082839,14.587779936982253,14.164745837366455,13.89881952713872,14.086212043975477,-0.0004334941479760665,STAR
188.31522390125357,61.54804202252555,15.407129744597713,14.810924525058999,14.504369722627384,14.291200825832016,14.27371045232389,0.0001564511507730905,STAR
226.5835097286945,-56.501744787670084,16.988568941665605,16.396429955432566,15.955275792629756,15.62715444238828,15.393824235235492,0.0003792337549744359,STAR
250.46952803446217,54.475795763227865,15.558789249893549,14.910133922094941,14.528115194212354,14.13244680903671,14.212812420011417,-0.00011066870868765818,STAR
163.63478331639837,-7.526360387179324,15.033876970883432,14.51909804833128,14.074718955909315,13.824386612065105,13.912391849435222,-0.00024726926493890577,STAR
225.92090883026285,-3.0656030246360615,20.059924936425922,19.412709720268452,19.095501152606726,18.85358342043968,18.81652084154868,0.0007066047201310535,STAR
210.35315229231608,-65.97360496513012,20.205223617862448,19.286222353533436,18.97954620450964,18.86865555742635,18.613393835451202,-1.3020089235085664e-05,STAR
324.41688377675604,-75.49172752371756,16.788344951628318,15.914399499771541,15.513770769497171,15.187438108028433,15.135793239554003,0.000190660416320223,STAR
16.360696922924834,41.029075255277746,17.967269131516346,17.115242607215638,16.749852863164882,16.564362901401008,16.410573796164538,-0.00018802859983548016,STAR
101.14674825320292,-0.6369925760460404,16.679200226973514,15.886334951178899,15.417359839909825,15.313052358549617,15.364961061903855,-0.0004031646781712825,STAR
342.14813426756115,-11.366873529267679,19.386931389550405,18.689142234946672,18.238597965448808,18.140344334233863,17.741876876955804,-0.00015887638660537297,STAR
320.4949622007299,41.311481157431416,18.304191907706823,17.75214546942649,17.26771704739665,17.07041842828807,16.87771598307777,3.319496752500399e-05,STAR
164.03643100285666,47.792321818399756,19.676353650968544,19.09906270231456,18.723286476008163,18.399048448966475,18.401152698615824,0.0003492732563114424,STAR
223.24773520855322,-61.39652981951636,19.315274853258664,18.431250308825096,18.123859741380667,17.805207852349586,17.774728265213994,-0.0005745015459712471,STAR
99.85722587320777,19.840526905975437,19.381363947316963,18.763013744419844,18.29863371857166,18.150097913106862,17.99431197911183,-0.0009553169803004718,STAR
67.72361750055407,-65.6362651900166,18.431724754873894,18.010324953007895,17.261943468992467,17.12950041125712,17.045854121170784,0.0005380590481809659,STAR
166.9314257783936,45.247515485228234,15.898597145140908,15.17180501980385,14.72376824884114,14.431274270824748,14.363279061701569,-0.00029518342253000645,STAR
127.20680208937901,28.251928128085112,17.624772766123574,16.586733645524433,16.17309405761857,16.023040167108334,15.943338054464103,-0.0006985866902316135,STAR
210.11620026631394,82.19063179502243,16.18788544603526,15.4112648224846,14.825266514679825,14.622196045254656,14.456649235118388,-0.00015062664859640448,STAR
27.98446930739454,-77.58755705584419,16.846776696595924,16.123800926888798,15.661247146301207,15.44514914815952,15.368358881812258,-0.00024154357249478187,STAR
350.78213075981995,-79.73015019277422,17.41481292674959,16.206842789387476,15.880739008153865,15.730173256523477,15.690068678175528,-0.00010572859549607175,STAR
355.03586801265703,-39.206326555223974,20.193754228711086,19.277087399454707,19.02353862772575,18.81254561397297,18.720159755200648,-0.00017030224186063622,STAR
251.33821704710826,-42.89297692753693,22.450139402552953,21.632104417951773,20.97087406659119,20.745038574576004,20.53093225090553,0.04466605981130745,GALAXY
192.99469188388335,-45.543816167040035,21.77666430845703,20.699678811815392,20.232459832470546,20.007451767717516,19.75867918335631,0.0103172197800185,GALAXY
111.42994186307799,73.12582449378661,22.16838133531268,21.091894475591676,20.622955501900137,20.343883466093583,20.342576535659862,0.028512034740236683,GALAXY
292.9662070945015,-45.081684027088905,20.232649298922265,19.228057321608848,18.723251156366963,18.382993084194368,18.232572936813188,0.48875092722950425,GALAXY
246.50322211939653,-41.04904929684642,20.68757030299904,20.088969800066824,19.683909961660685,19.15913523632979,19.0482630566622,0.6755466444001044,GALAXY
58.54209816416087,46.69168723523347,21.76190750400167,20.748577604563476,20.270935601717287,19.7914944628206,19.85212263031824,0.5151152729487374,GALAXY
327.93378641778327,-9.0468283589028,18.178424143463634,17.558468517845927,17.087023788933486,16.6555935967763,16.41920667115005,0.2964407379497949,GALAXY
296.1134074523408,49.80790025193261,18.21673607465853,17.192242485386476,16.82318118359114,16.240583625164454,16.548579005222162,0.5652644907995801,GALAXY
341.9279687850927,-78.23409163841066,18.059096992217416,17.212392919752766,16.611269883463702,16.4221569127018,16.132976306375607,0.690683710566343,GALAXY
261.2590230198096,-2.237185138790821,23.054841708541545,21.86357072618783,21.503902301384354,21.249951408167586,20.954568088962276,0.4315573757342766,GALAXY
220.82947053688434,-83.94955196700913,23.31191232161667,22.006706392313994,21.71750590284292,21.000964458199082,21.05927665048149,0.3819201476400388,GALAXY
150.5674930646228,-78.72242337803618,21.34681992749455,20.76936536188221,20.221992917465954,19.886149454712953,19.727157713979004,0.4401244523978432,GALAXY
335.78225400744475,73.15874160199397,18.80218975776343,17.895960754865705,17.379441179250055,16.752521518872413,16.81965131149026,0.3048338215930502,GALAXY
311.783000220147,-64.93583319883287,20.75120877880721,19.483757254157933,19.03914679961711,18.73623699523359,18.680113181477026,0.5102824446966163,GALAXY
16.278721238228187,5.835722809539078,18.158056582414243,17.47322504335788,16.851486219761792,16.481560442380477,16.60304760706978,0.08048551276521848,GALAXY
9.492110819010723,-16.002791531872816,19.829279655627445,19.45382704924555,18.718278686269556,18.318462015630292,18.242435316727885,0.780937981598994,GALAXY
135.52681207609785,-27.478201273408317,19.746676169403614,18.379797131434504,17.733268840829062,17.59770524360461,17.50578873134829,0.207422360093143,GALAXY
291.79919908145985,71.97000222370903,18.294011121875634,17.328066783284857,16.80246065925637,16.22335320796758,16.14052388773313,0.18128327798399557,GALAXY
355.41940655338,-86.07178858041189,21.191544316304476,20.769446366184873,19.853266540423206,19.654760147987496,19.576925165833206,0.43929062323662865,GALAXY
54.15008079727015,29.48214351160604,19.738012348777946,18.487147314559284,18.026393917392685,17.603640402303142,17.733415646003866,0.3384620927818247,GALAXY
213.88705752676864,83.41099815843907,20.222706378561984,19.454346217453352,18.96706453836323,18.47980304206505,18.356611615798837,0.37348107498057354,GALAXY
137.12070838716775,10.830273023131554,19.056075334807453,17.948094635718757,17.381366116973094,17.003971897235047,16.8712603153982,0.11065237663938891,GALAXY
349.16918321325716,78.62804316595654,21.04395201947366,20.538725856282664,19.854993488007832,19.657346049158722,19.49434262261919,0.10185620743137572,GALAXY
303.1628123288551,-80.59358172851572,20.496628376613867,19.68509614726834,19.214481155494568,19.028779736964097,18.877748378018918,0.7991347128128307,GALAXY
301.79833369600965,-14.617202566650946,20.864516401837083,20.194461070567563,19.63126590126148,19.207566231771168,19.314012464613697,0.3009534194480106,GALAXY
168.7295375261893,-43.17159762683079,19.808198246048143,19.064011645792053,18.323480208728235,18.149173413616406,18.111160799290165,0.2739729876832511,GALAXY
149.33502084155947,41.54777369653135,21.79890354866496,21.4297726030319,20.9657990821607,20.49564176632451,20.1994914206985,0.11921399685090511,GALAXY
98.42654589505425,86.63347628950442,20.082083859685408,19.060664162173442,18.70923149735422,18.35426945926282,18.494328725061422,0.769519886498793,GALAXY
20.29517879433376,-43.8245887600354,21.072209119330545,20.205399678347142,19.463842404960783,19.21281304361205,19.304887818161692,0.07188719203198526,GALAXY
311.30005545181916,27.751428265333402,18.241053783191948,17.259310697457657,16.73805508856318,16.439630342033155,16.498250852540327,0.6679859399609113,GALAXY
292.6443632868279,-54.34242610324678,18.520602272877337,17.48173824654919,16.978733285466966,16.73659425426993,16.68755490524309,0.7450543944305746,GALAXY
359.898362383007,11.759445822889788,22.080096706219855,21.528473752594614,20.83132268644558,20.557772526675876,20.58768704306977,0.19897675954703284,GALAXY
358.78926134660594,-6.492152396099485,22.09679849238859,21.174758717084522,20.859703135793147,20.350635549912234,20.144418737469326,0.4940206322929397,GALAXY
199.9554140169459,84.96095933367667,21.283998254594486,20.32836419360127,19.57618201597955,19.191576685848013,19.09930314858983,0.10422462091139731,GALAXY
276.83546946498376,19.534909085363978,19.283190466054172,18.135275195290053,17.61291685378175,17.289324428978933,17.025337608284246,0.32100868993258413,GALAXY
340.1156627576741,-27.088853024372618,18.511867180252302,17.968735324251547,17.30343848803721,17.111547725964048,16.902533994783063,0.5661099669572672,GALAXY
305.87306064386814,-69.46275872017199,23.348091072136903,22.0036803612694,21.677877981071802,21.153656465560257,20.967198764743344,0.41123895864267096,GALAXY
89.04531662755116,-62.775570827711775,20.663830109820623,19.867509518250056,19.270828056837253,18.845645630745747,18.839817545542516,0.579286869624335,GALAXY
162.19588871163367,-49.44295260877768,20.5299408166325,19.61385070549209,18.958494408160302,18.76287951889988,18.680973543301715,0.574366174009461,GALAXY
46.497389454538194,-44.82600095874636,22.601219427188433,22.042881640804914,21.43852651424869,21.04907940830568,20.837900576403328,0.5433526098170915,GALAXY
343.45836981314005,63.110890411404796,20.129063440055052,19.370580939385647,18.63585394690952,18.35626441240482,18.289837923054357,0.14957902819928112,GALAXY
218.2228684023168,11.020101890854491,20.74662916421339,20.062765692307533,19.54247049798512,19.109230215852683,19.147190659548045,0.5035883649877929,GALAXY
82.31140998124658,4.210364047385966,19.517589498575234,18.647765192574425,18.035648461717017,17.80412862836929,17.559715754300626,0.5980912105125276,GALAXY
241.81224638610843,-69.34160306354086,23.032029687548555,22.351658217903527,21.626612587391033,21.247508026097687,21.264335847027102,0.5555919662442599,GALAXY
222.5261665648425,64.82514480289831,20.782033937900092,19.754449546909296,19.196295058060777,18.813139248737606,18.71634841610139,0.48654548716979135,GALAXY
128.93857849182257,40.106574577527056,19.922484289540876,18.679617081285787,18.067377075154297,17.74646455415907,17.706063630910982,0.028868511142122785,GALAXY
40.88073319186645,-77.8196948579997,20.134601768379586,19.18460027215782,18.71722901785478,18.434149705702037,18.390256424619597,0.1681218268869998,GALAXY
241.76635041340785,37.410317501358364,19.950359021366292,18.58629223529968,18.07000942583816,17.804832681213693,17.730576365736944,0.6051172161846131,GALAXY
187.31077232536558,7.83687912167629,21.68401266162352,21.045103407492274,20.211407907425453,19.948536635225427,19.969372096295423,0.4052831047036683,GALAXY
278.03462102483013,-75.28943776557992,19.879608311947358,18.95251978195845,18.15884568398744,18.026378729960122,17.905338700351148,0.2804439251441827,GALAXY
187.25886040031762,-7.505884524841832,22.23292637373857,21.149708515360803,20.675031714944904,20.456631685645785,20.287580734525974,0.7721054782744842,GALAXY
306.78534011467445,-2.754668316591548,18.300702183808355,17.53669884779289,16.75287669152015,16.331962791104903,16.300671117491554,0.6167906089507466,GALAXY
198.6864619588148,-60.16058277061036,21.684682570025696,20.90038231934126,20.38243076029044,20.152499037063723,20.07599180297522,0.5457167762139508,GALAXY
201.93766975273905,80.22566646005083,20.107624993389663,19.072158162384397,18.683551228157004,18.338469831244733,18.307397198955876,0.29067881814326185,GALAXY
315.5952969570042,62.99556686651914,18.08139307180897,17.12274478429261,16.588405236632372,16.39671171683846,16.040701175635967,0.3633456448441264,GALAXY
145.25383183646292,30.424020719239493,18.066627820925454,17.284517535669785,16.75985532932293,16.400768010801382,16.328358490239605,0.745357962698888,GALAXY
48.245482242230665,-6.786799019890708,17.909109046920626,16.953959843938808,16.385684482734835,16.019633567247606,16.094056277425725,0.12148963345646427,GALAXY
10.36176347280203,-15.882202514788474,18.31266628035646,16.97496540848941,16.322581604109427,16.054308895758084,15.794239002424339,0.07217187559893247,GALAXY
271.8494120425028,27.175224087171756,21.22264867455494,20.148017360309158,19.59307109547816,19.17089561866503,19.103328722112106,0.5958938767079206,GALAXY
223.31143848724727,8.177736493242989,19.53549663408969,18.46913296466115,18.000782233605342,17.60357182318474,17.603068851005833,0.3460316320532871,GALAXY
253.46871651572047,-78.79084094126058,18.990390748506275,18.34795666309472,17.696614402720158,17.261027321194586,17.239315331901736,0.5735241663060051,GALAXY
76.66709814320787,2.250476778659703,21.27236428912997,20.382663343023456,19.992964095625055,19.56096417213392,19.501536180402606,0.5780280281425448,GALAXY
49.09373121123711,55.15265110191112,20.370618436945826,19.754863354616333,18.977668029698435,18.672140895564745,18.67423472719392,0.4193924693523827,GALAXY
5.236079640437494,-7.336822032547545,20.309605221903656,19.191347911262625,18.793584328816646,18.611468559834137,18.626177720374578,0.18326311695699185,GALAXY
126.21152117037491,-80.64781604023169,20.41699051757975,19.345396527438186,18.61976148925988,18.309621875769423,18.187141656060216,0.09452309632795242,GALAXY
212.37036726766792,51.53007588912595,21.688112515037922,20.813071794628623,20.308332143737694,19.83843669090014,19.81943625019349,0.4175972440350845,GALAXY
141.20785623590365,-53.75451921552461,18.80633456128617,18.383216655597188,17.589044651251186,17.25240935768563,17.257854313324383,0.6868166577396589,GALAXY
157.49097192854245,-43.44824972015302,23.334742780952414,22.163640567959163,21.338736194180687,21.085071301205442,21.052961285292433,0.7024827877230869,GALAXY
325.49713001774944,-60.352856382186744,19.118245040679213,17.676678993528153,17.096103588828786,16.992768759275457,16.79006512885128,0.35721114655356595,GALAXY
125.37196812838812,-30.56128832313044,18.380423492745948,17.401386673505026,16.658236217147337,16.459667743088318,16.308550217329653,0.4002692197734515,GALAXY
185.03621609753188,46.2152710239543,18.647816176474656,17.618480997138338,16.948319146145984,16.50020222690193,16.37194022987868,0.19276548342811892,GALAXY
282.1150845868115,3.4894547107087277,18.2333799597366,17.50249993755262,17.131842101157705,16.64893955148438,16.51298517345532,0.016676681889343827,GALAXY
142.75540163565725,-53.12137065287174,22.433290892494213,21.613034253716346,21.080032111302074,20.662247346077276,20.673626713589385,0.04536702706390463,GALAXY
223.95121208203446,68.00941406736735,17.854850620078185,17.413235876489598,16.448343194379056,16.256954810112482,16.253327202381374,0.3213260823229252,GALAXY
310.45093514882825,68.32473389127526,19.324128885692843,18.6102912908258,18.155040020084584,17.742659396853796,17.59500699712737,0.6805263923722383,GALAXY
341.82742451675114,66.70411650828123,21.10645475707353,20.61331765372815,20.177961841731367,19.898760285735733,19.87977980623954,0.1847066119874478,GALAXY
52.946453134453655,-47.01668195132293,19.188859179815385,18.508602344786794,17.86366627488287,17.478451015335263,17.482136292227885,0.048946733303244255,GALAXY
333.571545058138,-8.776918047422143,17.339172864900558,16.992076526880343,16.223409813245883,16.15427306582266,15.806486635077668,0.5725368738758652,GALAXY
177.16186550863375,87.29813810535751,18.913269534497267,17.836845499664342,17.311191030294903,17.02110909276734,16.920790173146866,0.6177079418008535,GALAXY
92.96797978762501,48.96224573579826,21.001065462072518,20.059427597662314,19.51477164274085,19.28415689617304,19.07635404151739,0.47235609165277875,GALAXY
165.28887224577406,-85.10986417939924,19.330606794631578,18.836126178084395,18.33707999341752,17.997700430996996,17.837639511238933,0.12128619712118044,GALAXY
352.8117271027717,-78.26317357311143,21.017702821936084,20.3637839958749,19.748464149101856,19.449273369967486,19.273158861325133,0.055134848281230685,GALAXY
177.34251383743305,-6.492352173780105,23.122759854557653,21.851578696077734,21.193461318753126,20.936899678535642,20.738311868298265,0.3800843772987984,GALAXY
118.35057970350296,73.65963705508082,21.013422516632524,20.18290614630166,19.554195028348122,19.20751270090212,19.232791915350084,0.7256210180994516,GALAXY
228.02430755402128,6.966323631488564,20.801478611666333,19.829433799504532,19.06590675777225,18.89063989153658,18.80589017822934,0.18358097258721356,GALAXY
86.4524227601495,-0.39374855382776275,20.008481732775397,19.379656595654797,18.765896129972287,18.527123356346237,18.289814481635336,0.6725112189964649,GALAXY
27.31079811911901,-71.0147340078065,21.250488326352492,20.410670117931662,19.843435815977337,19.573322994607015,19.414211196498815,0.36970971234879574,GALAXY
46.39669988783372,28.220418850372923,22.660440971305214,21.927076350663402,21.25234917024797,20.94709727896287,20.9249621022515,0.7388321998755821,GALAXY
46.09650202479808,57.978568908040586,21.186915711463307,19.95745589143487,19.495491874883612,19.040212618447057,19.233974980142836,0.18477787764728013,GALAXY
54.684969664425964,-21.52439864863878,21.3666446089938,20.608696331006783,20.147564070993745,19.658489087462577,19.844324036410086,0.716332181713698,GALAXY
49.97778215378765,49.61013316655894,20.618869407529477,19.683984499388394,18.92419139545731,18.700452269390514,18.75787813907713,0.18982970329732,GALAXY
230.71490812915727,83.60579770214608,20.61553566186362,19.730642208117544,19.274243046028136,18.781789547663465,18.856107805917237,0.09633076184084634,GALAXY
65.47683038369213,-53.322037357015965,22.11312832954631,21.220010268202913,20.636955560246154,20.443492455995603,20.225908856586233,0.08959474672806526,GALAXY
124.44022199659075,4.199333615053433,22.052893568817694,20.888712099627796,20.24128717982536,19.75904138916102,19.68792836867748,0.19524236535870426,GALAXY
322.84382756616424,-38.3151675447764,20.861670136112572,19.625787373922183,18.942497527955332,18.616147631429186,18.48359779028235,0.46082501739482334,GALAXY
170.62619049463405,52.71379542609108,19.802933937475718,19.453100332993156,18.649678148675974,18.468380301564494,18.346382446569603,0.20746759517920152,GALAXY
240.32078586756978,13.966805858608353,20.790771219141316,20.370666239554335,19.4940629394044,19.340551320336747,19.21563657102557,0.09335578065694886,GALAXY
62.03515363258674,24.224835159054678,21.4648524712104,20.696456209792185,20.068175096720978,19.924781251869714,19.518341724363868,0.78110188265329,GALAXY
69.22404677112148,53.62454873086094,20.676393490058455,19.69396649037613,19.32824222361733,18.954628747576436,18.700984329872252,0.40091448073092195,GALAXY
14.71270185593239,-18.725314920758123,21.970439942947134,20.982485083488427,20.50814675291895,20.005075631895384,20.155461554697553,0.23156594712167544,GALAXY
60.816622705979235,74.71621231326779,21.68741260655077,20.868585123151362,20.174381269400623,20.041904146445262,19.833171706194804,0.5274034726081841,GALAXY
100.2925220515051,5.945196104305197,19.417441168273623,18.53189349700041,17.801660582862546,17.58690283661793,17.46642295991832,0.30514847103190673,GALAXY
63.723774339628854,-61.56813188963736,21.517573773145614,20.583965005173667,20.051618824612454,19.79069525706713,19.58285263103707,0.5657873887434091,GALAXY
31.93291215254002,35.26184127038444,21.273886994585656,20.496059842383787,19.835671190964046,19.528060485180525,19.50152087173623,0.20927973874558461,GALAXY
43.42891359621629,52.7870430788858,20.85268930108344,19.752155275679602,19.12485734194381,18.80474466357316,18.81660181750353,0.38994387038659983,GALAXY
165.88035649178127,-32.982898127845196,19.666410120815964,18.9206579097639,18.357722904079814,18.019403156929094,18.152647959605215,0.16388710408870216,GALAXY
74.2801386260853,64.29226625977554,22.275458895171905,21.529648529410913,20.864714087600216,20.376487317511376,20.290755206578716,0.5871065766807981,GALAXY
131.13714997730716,73.10578585783796,17.86541944366056,17.077818823371647,16.474154962235144,16.224509558854113,16.195360949567117,0.298206296083207,GALAXY
181.23021750774848,-40.15719227199439,22.276714314749828,21.599612024313533,21.062071035330305,20.7040502617606,20.817738917170868,0.23877033668987444,GALAXY
248.5421383065715,87.03386508873996,20.738690393607943,20.140318715453695,19.46345710879068,19.295601061508293,18.961442344669457,0.21151890571290455,GALAXY
14.152370342795617,-64.67192495122349,18.46818465382271,17.564086584762524,16.972550382580057,16.671239664381922,16.391566679594728,0.41017449992775235,GALAXY
287.7877436072554,-53.63717968755181,21.094233205001867,19.881991219894484,19.31280321421245,19.14462022483164,19.03411325226514,0.16213948964223704,GALAXY
226.0441402167268,-56.83952893715529,18.280045160832653,17.51224362003124,16.67179237920296,16.597228153121808,16.46067929940281,0.42486127289800746,GALAXY
29.433251501593887,70.91814780141667,18.71727497739494,18.157188389228363,17.398217116991823,17.04824977425296,17.03559340156521,0.44293698281101673,GALAXY
314.4883046784398,27.772659418493134,21.772941043734612,20.887340509689786,20.202865238043437,19.802583069519915,19.590604150902927,0.5388355307603784,GALAXY
331.51406419145275,-62.62122901999088,18.80441634375441,18.168581772844973,17.5027927326473,17.08725160956261,17.267406670102734,0.6892850473647462,GALAXY
21.98806554775095,-10.741784693697184,19.194845828390136,18.305847209375216,17.730435581317455,17.329299248122148,17.415521103676742,0.5598648115213999,GALAXY
99.67595333299334,20.753644512564364,19.36771262210722,18.84261418163512,18.38684499333919,17.889081741016923,17.95365663517058,0.34373217412439455,GALAXY
290.23246072550205,-74.97646470191101,20.168584587782664,18.91544269773782,18.47369007173851,18.282856206991042,18.139596606748135,0.5576355383529056,GALAXY
269.373488538117,68.83494631332098,18.192258096976047,17.347763890149686,16.63716750595324,16.419777935153096,16.397882127332004,0.5190943040075552,GALAXY
66.42756696829584,54.64863637947633,18.05261174390917,17.11098939871759,16.52613226294849,16.07470598063006,16.002963726870085,0.27682091742052933,GALAXY
75.3657564012157,0.9372192437948854,20.00309649605509,18.87602434033525,18.69710845140526,18.177160794109216,18.35812314713561,0.2459510043361643,GALAXY
133.36995700489751,84.08279074665069,22.691460156530763,21.710689060239186,20.980033786532633,20.766977513677446,20.570191858313667,0.35857143858245627,GALAXY
174.42827466876767,-14.803023730482053,18.288329939653106,17.243524447317814,16.66723065926204,16.49050874570801,16.233408280933297,0.49936160831634113,GALAXY
222.57171775090654,87.13985742656962,22.500596542064912,21.283072454376114,20.77260693221516,20.41217459104957,20.017976730741275,0.630206770635175,GALAXY
132.80891024511806,30.22559978465287,22.100708587680515,21.289179565821115,20.83630670859165,20.558938122806648,20.415210747710848,0.6048590925009563,GALAXY
166.51249780793324,24.240829185709458,22.254365605454286,21.310311839448815,20.844797648702627,20.498447289165533,20.223251056082198,0.26063162099526305,GALAXY
269.0895377281524,-60.128118846758696,19.39479206584986,18.38542153109502,17.85420239348636,17.580571380840887,17.409718345709457,0.11475715268998074,GALAXY
13.205953040615244,68.74699649483591,19.293182209437227,17.898385131659733,17.55898528924572,17.40727826565029,17.235402487047438,0.09934879414481974,GALAXY
90.87729996384748,-13.05185617428927,18.91319235927404,17.55639802520952,17.060442972643084,16.90094676241553,16.91488597048638,0.316625133991777,GALAXY
256.80585091843886,-60.79798695915372,18.81947438735052,17.693931719268353,17.280916859743602,16.725126787054222,16.888405505423606,0.683505605276214,GALAXY
322.27446156739177,-87.73064640436337,19.019650293750384,18.36339250287718,17.718028790979815,17.49619053145878,17.14864968606607,0.08125460315819305,GALAXY
184.2038791616398,10.756023054908866,21.316688807372934,20.30178922060055,19.69095037114606,19.46471306025351,19.345717266880435,0.7659001773590198,GALAXY
191.56085469551363,4.9319319820817356,20.51321468421777,19.65831641844723,19.101112816725227,18.566273316990607,18.83277930285178,0.1753373316087947,GALAXY
38.581924082319375,39.48365202644854,17.83266385121059,16.758211601410068,16.247354666372644,15.850111970405788,15.81143462648075,0.04788660862522024,GALAXY
161.06845205644368,70.24644954320439,22.036302644530764,21.31622379150816,20.597606297092305,20.283381179215887,20.051241878137148,0.2103775547296867,GALAXY
191.74221592380835,-75.70681476425469,18.913114270512885,18.119186305325247,17.532259108012788,17.22721372305996,17.087207569923258,0.691322962811514,GALAXY
87.28938130850268,41.66936826126522,23.115258868966755,22.156806757467635,21.460602856106533,21.290998781584946,21.176571836026152,0.3370015858615452,GALAXY
96.92756314177714,-56.2658500624352,19.40473607576083,18.271676569692488,17.685947237980276,17.459330873799217,17.447614790539753,0.688350923394302,GALAXY
135.82229871766415,64.47186956828952,18.80818296196525,17.612010979306078,17.0329036630332,16.673853254100845,16.477605845856438,0.35882235821506603,GALAXY
7.225631199981493,57.43143249509811,23.072823088122743,22.002813337922042,21.534731984624322,21.187775664815867,21.120542095275546,0.7221738223695918,GALAXY
115.94849960994418,7.342875897397988,19.270093159243586,18.346498681319456,17.660012743778406,17.337190188154015,17.40554945115131,0.02205922332036351,GALAXY
76.12128251875608,37.84370375219608,18.921267280140626,17.93780092534319,17.519233640450697,17.203200878688527,17.060749483764123,0.5235730364005459,GALAXY
117.89904678404928,-33.41697962692529,21.44447248386708,20.50948708454177,19.888333785601883,19.607729436839847,19.526011313508345,0.6149530236275567,GALAXY
43.11436745493044,-5.189778192093371,17.9884303544047,17.411291156947733,16.841301356215027,16.463968913252547,16.393609004184448,0.7514768092729661,GALAXY
320.58982106636216,57.894641587884905,18.59977522946916,17.797044947313452,17.33894151184612,16.963711264350376,16.744393739451784,0.2543661372429961,GALAXY
213.69328327945752,-7.3322645088214955,19.498411788867184,18.461407090457683,17.77376751346825,17.496474416923142,17.574704130931558,0.5535441099720653,GALAXY
244.47683489201626,-25.596312241420478,19.74346332715695,18.64817995927258,18.120211770202058,17.743178203717438,17.774825759991774,0.34526732427728324,GALAXY
284.1016458986418,-1.041759494946021,18.905488167375943,17.522935396976393,17.158511299466163,16.830712506206265,16.830662334850494,0.5117740212025087,GALAXY
179.4391916144606,59.084865438699296,23.01653754348681,21.90661131121415,21.275138006686223,21.019352666126586,21.048520339363165,0.2658774865384996,GALAXY
31.29130371147253,-29.662551473242907,18.534276113492517,17.749471375925445,17.067242295170054,16.828056659649494,16.752789107056238,0.5307328802341061,GALAXY
193.3583550546772,-58.72291323556612,20.107708988898153,19.230539690843425,18.494384827774343,18.07876000433547,17.93325180794672,0.0855951916858209,GALAXY
211.2628024875165,38.16252365954054,22.881077519030352,21.860039349506533,21.19283926305078,20.90386513777057,20.88321613638661,0.47902756853163336,GALAXY
268.3582107063588,58.676078287454715,22.085160737610146,21.10803436980081,20.576570787461776,20.269420229695044,20.220129343567546,0.7066652926483394,GALAXY
155.39743664268457,-71.885253865764,20.633934304151587,19.577313944469946,18.959505995604818,18.742623822425323,18.497696512295384,0.3163338195385023,GALAXY
45.928909006402954,-46.82265970392995,19.076445246576686,18.54373304228309,17.84394390403658,17.594129092630265,17.42823820531726,0.14652784065059732,GALAXY
102.1593260875408,-64.4450418430211,19.676403288584208,18.77726604008945,18.22779561552189,17.917798222228285,17.775067675571506,0.38155599787039307,GALAXY
130.70962670350863,-27.37054591521001,22.303446412666503,21.71262845066793,21.232703786943425,20.877321951806216,20.74930910156021,0.017535773680180507,GALAXY
232.53020687937644,-8.936823797025724,20.06391807031964,19.156585843360933,18.652807311238,18.413756457396293,18.144921251315623,0.5277527275761281,GALAXY
205.48018968080828,44.788740653395166,19.670341496949636,19.272861974183936,18.63508043033796,18.28764967844598,18.082094505435762,0.3323358721152141,GALAXY
128.19482132322466,27.206565278701348,21.72691878558116,20.55098624529809,20.063828527487242,19.86049299270974,19.656087005026826,0.7608000036708537,GALAXY
355.1454895654727,21.767142146117607,22.99711230057442,22.171865902482494,21.463922044252833,21.148870523083943,21.24222592391702,0.691244583987388,GALAXY
218.0789349684794,-26.57250961026221,19.582672924382578,18.578900581851983,17.72935565818633,17.503209977892126,17.512794851656817,0.37104892223217417,GALAXY
85.40164502495801,61.46055955525679,21.246417573658434,20.35263407942311,19.665599208080785,19.204598369944623,19.18103571560504,0.21937758533103252,GALAXY
36.64169014334534,-5.1683098683303825,20.334276335057794,19.67293327818846,19.26978822845887,18.910284155353448,18.78706196632076,0.33607907301914086,GALAXY
55.02929010635953,86.23888884272782,18.935656511864764,17.970741074090725,17.64779217004662,17.388167256552087,16.92017450755899,0.17079306276062584,GALAXY
88.54478221842292,24.145584893232638,18.621737024437007,17.856786968197852,17.119337063184897,16.84957380874191,17.05453942214055,0.45148428805418656,GALAXY
57.84529437344004,-67.27234651838951,21.666412849754803,20.73330053196828,20.13101271230183,19.88808962367589,19.67602411880121,0.17919923966427362,GALAXY
67.16412865847008,31.711961173578118,17.957629232673263,17.188096365849827,16.653869909306582,16.476482202891688,16.181906983272576,0.48891114735440516,GALAXY
102.63426072978496,-31.48127722229418,19.74537413119772,18.580902264429405,18.216941439690213,17.846596525659553,17.74100522764812,0.15856626751846972,GALAXY
62.414494306111735,33.538895403497534,19.904452336444283,19.33775845402194,18.655061380832553,18.329501899603542,18.29844623348165,0.475681934443665,GALAXY
322.8355528655131,-77.46459333076697,20.41171113322403,19.565524714430094,18.901614562448547,18.550360172402666,18.5867250454992,0.19743094728913846,GALAXY
28.884148438191197,-58.52134130832731,19.58314999516148,18.347552385620475,17.683416933076195,17.444939723856578,17.429503523398242,0.23870331344457854,GALAXY
188.82410024529167,64.03270660304153,21.576942456849466,20.64760648222591,19.938366863974334,19.659819627394736,19.673641015422902,0.5562893811927396,GALAXY
147.74285771627814,-49.10767973576732,22.26162401899218,21.753873170083544,21.09564932461593,20.915306979973362,20.857519174325137,0.5822936488127589,GALAXY
353.6563020870983,60.667402543729196,19.96055432430469,19.060645772159877,18.425397528298344,18.15434683661973,18.065460590049824,0.5972330017168688,GALAXY
40.334004780498844,-39.730304078206125,18.74680168856114,18.19812833653139,17.682584582039553,17.403204075276125,17.4555678614284,0.34081960248129745,GALAXY
143.228015656467,25.718743810567375,20.4841878502689,19.277637433953263,18.621285488799113,18.27977820035751,18.27675239746223,0.09203311502763278,GALAXY
349.0093559791328,34.947103231769574,18.525788161964083,17.495751854332777,16.929721918694195,16.618685376106185,16.53849957417507,0.2687773721984796,GALAXY
311.5825653218329,2.2778555661095226,19.062699452555435,18.014482418368935,17.453870440265074,17.176489392110483,17.258636416728564,0.7199247533578716,GALAXY
294.1459455417408,-35.044078194588366,18.818584907327956,17.863752898510192,17.182830722743915,16.825770500150483,16.7513383623213,0.21796447811613007,GALAXY
92.84501773617833,-51.7240122532027,20.71723366909877,20.018553539100473,19.349920999986868,19.117968025756873,18.88690934822632,0.27778624167652893,GALAXY
61.51953146042369,-84.02591617876328,18.50081782424446,17.767582515902717,17.15069206143979,16.93934952147806,16.637398460343437,0.5884679521329073,GALAXY
240.71155917279515,-35.28964777666972,17.613240908381403,17.45420409678414,16.80703936938162,16.443048825031745,16.554167463420477,0.3288034104428138,GALAXY
334.5753560859309,27.569302295630948,18.337334521821134,17.655274166202314,17.180436950695125,16.74204241608139,16.639836504783947,0.7936926158235003,GALAXY
200.4346414850147,78.89486732072689,21.237384926771753,20.647878109868103,20.168616292449872,19.756558435194638,19.64479830705597,0.3275420204460235,GALAXY
205.78056820916396,66.81680680734937,22.71000755723712,21.42313287125292,21.005825148778978,20.783303167407333,20.652382520537188,0.28038981830389953,GALAXY
100.79247371770231,47.89165977635446,17.88785085170901,17.462301111706775,16.654776112739153,16.379790628404656,16.200790419018066,0.21706924789326926,GALAXY
277.01745594909727,51.92052178559376,20.006323203900838,18.72200430479676,18.242016055231957,17.888179592439066,17.787138159954015,0.47153758317705735,GALAXY
67.33574948070842,29.69728262567915,22.742794659500618,21.97075781470241,21.31360977459427,21.026701349316262,21.019974535166046,0.7022709553339106,GALAXY
116.52452510552773,-43.14836563811946,17.950749873317704,17.01708598245946,16.3444153516752,16.260267367290645,15.956768077052821,0.5549586463497219,GALAXY
153.15711790191003,73.29510552704937,20.444054362324334,19.52102343339866,18.919517539391364,18.65956978651875,18.4807508057232,0.5014032886090873,GALAXY
182.7397363264038,30.731816143050125,20.641521752065163,19.707907233127603,19.024150249522208,18.91831921330318,18.875485911034744,0.2866869253183907,GALAXY
87.26750366942889,10.879313576479191,23.01457785361027,21.98317553652933,21.27722917005587,20.95395266038257,20.795305786772293,0.17929705713507413,GALAXY
41.34125690611327,-70.0218955415734,20.91824205447669,20.112046197578987,19.597792367060947,19.171911521769513,19.229496366373123,0.5615123700259836,GALAXY
219.82321527898773,-9.530002114843427,19.69818340023552,18.58199350539253,17.97043552770861,17.688003355573617,17.610001044930815,0.12063540158604094,GALAXY
103.90699916649208,-7.135511183653264,19.421192045500526,18.68533744520986,18.058606080094098,17.813627939711427,17.676679453959785,0.6067954452873091,GALAXY
209.24575971214043,65.6214497140806,21.152360487999026,20.382859923631464,19.744190202411414,19.406593622381582,19.445498751011492,0.7892670746014823,GALAXY
55.57057749871283,8.396679633801924,21.915162874090043,20.960152702373538,20.507111822881573,19.80952061283337,19.906208471976896,0.46097389018000706,GALAXY
173.21043666773429,-21.527901185326257,20.94938930765402,19.809638733657163,19.164424753632964,18.872323382090084,18.830696978110144,0.4795220698020107,GALAXY
191.73219571857092,85.82405913191869,21.053655060088545,20.190158843123058,19.515929868119052,19.224280750646837,19.269483715798998,0.5184061771600599,GALAXY
18.65647325607369,-70.07029320126318,18.604475429059324,17.35972534570507,16.85314288407715,16.452951869524473,16.191387657367034,0.3181521919406263,GALAXY
121.1775401498114,-13.941282903849967,22.509784774087688,21.693232308934483,21.07790020871751,20.78616324996549,20.48670020074068,0.6610346474826557,GALAXY
48.389283698030724,-82.43555846914705,17.940544850548154,16.73837741310574,16.390848259643334,16.1187535507097,15.792431033868333,0.6826727149580553,GALAXY
22.814989370196386,43.18274173804747,21.060773928588986,20.317938289234156,19.42774218284524,19.438430342122768,19.25357407653261,0.5326042160754783,GALAXY
356.38568366038027,75.25377939584712,21.00396334897768,20.204100808440288,19.6842263349488,19.131266564102727,19.222124108088295,0.07291965193746501,GALAXY
116.04738419090027,-39.5932806809119,19.77707880199444,19.323993793867274,18.73283829324033,18.47017690904647,18.38046413273051,0.522469083601098,GALAXY
291.5548005076686,64.50150182384175,21.151607645536785,20.37995119042319,19.808223844045397,19.4312172463845,19.554038212013793,0.754661671025338,GALAXY
91.67063571495498,-37.400718516858404,21.996558811730843,21.452413308161006,20.751169905875372,20.41028801536011,20.211443412868487,0.4167943013600614,GALAXY
245.34098000061454,73.93862909590473,18.666456114728323,17.986471072662585,17.225497926437633,17.069319780505296,16.711310014974707,0.2790549905626838,GALAXY
273.68202956028716,45.71314264742111,19.44335450106889,18.828669477592378,17.823405431735832,17.705947658272944,17.486378075215896,0.05129833409504252,GALAXY
214.42994661882395,54.883219831458945,19.149253602991397,18.168212222074956,17.764345279124754,17.390500202565182,17.402759568271005,0.25140540286898233,GALAXY
169.76742787805702,-86.75881999191819,20.866322705486933,19.545714083060922,18.99742193165858,18.77363793188136,18.656628592096656,0.6682867009727186,GALAXY
148.26272909301667,83.30586427332466,20.577693257058634,19.341697236123743,18.823900693503187,18.536412368903314,18.468095525690043,0.1772562549849529,GALAXY
125.59257595547831,40.800778572658174,18.539446937748657,17.533831814572146,17.092360904540364,16.768378313195726,16.757080343009584,0.41822147550265093,GALAXY
334.6304919292173,-35.144802830496005,22.323350528189216,21.348869724355257,20.809706071750544,20.563023673247457,20.227769553198378,0.7609692330855883,GALAXY
299.0229868035825,59.29103967459244,22.382167274868266,21.55579930504325,21.058096194861985,20.767399901807142,20.635339751415273,0.3768220783881708,GALAXY
347.4096878399445,-39.32618428531261,18.697961967750963,18.243542649240702,17.69411922188343,17.35613773858171,17.446853838191455,0.41854878620426306,GALAXY
44.7470004547961,67.09569112190303,20.00059595401257,19.005147718615714,18.39797571181997,18.10948314545115,17.874595884119152,0.3811778936371032,GALAXY
263.11229107331195,-69.73552972585134,19.399064701456716,18.641608140456622,18.21229015794468,17.796356804040016,17.61632087912935,0.7841324018980805,GALAXY
337.80256445557364,36.663475942943236,18.804640680342448,18.341229776513046,17.540580865935343,17.17982741407275,17.15475195191187,0.698963790359799,GALAXY
65.24390381963765,7.325725796083859,19.76853142284972,18.607799695349737,17.73783968026871,17.53808059812314,17.59526225443259,0.5757699851603129,GALAXY
23.938656252039898,-72.62379536482065,18.39310735417309,17.600248483646862,16.999414569549483,16.79573728629372,16.664961685418014,0.42694004516441286,GALAXY
266.8034337444213,-46.459110913408985,20.789932446435987,19.672036195378404,19.234687783576298,19.16427765140234,18.812701554364978,0.7889333420148209,GALAXY
206.8103207447683,-87.76727347008334,23.37525427342526,22.015072394763404,21.438985270606505,21.226790784981095,21.048684358749448,0.4848553056606404,GALAXY
303.05835963297795,-5.621766216388949,21.802850850912904,20.818079136213015,20.337808070335452,19.97406092106805,19.73057160668831,0.4462556013373388,GALAXY
50.31805558546422,-35.77225306319993,21.392620659799242,20.33327425511462,19.825149903168043,19.77136680640521,19.70932253877026,0.33472728290928594,GALAXY
286.29623226956045,17.704347173596588,19.77028151588809,18.690847866936483,18.12041580134834,18.11536889165639,18.059216492982888,0.40275151454746866,GALAXY
72.58583521718803,-36.49719461244891,18.28436258505955,17.639798012395904,17.17246612771544,16.827619341110154,16.72218809359564,0.5139650867679357,GALAXY
58.91613943165362,-36.014559928742756,21.99159833492716,21.170825840511306,20.52120153532375,20.255904117540908,20.159259440166664,0.1460334712663459,GALAXY
59.13568725515746,43.77477577168861,19.09091625122563,18.297011332112348,17.775249413248105,17.46208285137206,17.328224268631452,0.6403751195101071,GALAXY
293.2468992832976,-81.33428952389637,20.758239971459226,19.99610469829891,19.391089802402995,19.022405330989187,18.974889285227185,0.5441520129951511,GALAXY
239.47099945063204,72.52109913455772,21.85512928494207,20.855121419009187,20.19647314053239,19.89363110916584,19.78600956875568,0.7683341848172519,GALAXY
188.30355291688295,63.40749739041266,21.44863332178938,20.69532723813149,20.040030896763497,19.90042328827768,19.511029158094093,0.3863072518605493,GALAXY
129.1789742844609,30.20484298075317,22.931083473906952,21.949396639250565,21.51220167886154,21.18288154022734,21.114017957162016,0.7541732430382587,GALAXY
315.79219469271897,16.77988261932917,18.187604808528505,17.221266246100686,16.648430803681155,16.38843297956916,16.053198110272735,0.7295279951028596,GALAXY
141.28023867214873,70.61444966513741,22.630635347074808,21.798668055028024,20.994475577315995,20.633574643623096,20.53992524809179,0.713339020119681,GALAXY
293.97579820976773,-56.6405676848314,20.053227388633182,18.994304846733325,18.548853595776297,18.246646609328124,17.978701951652255,0.30006731340072085,GALAXY
158.08856708527864,-75.78555080565084,17.902051567016542,16.909101927663222,16.316863977427342,16.203825437893126,16.112823533589708,0.5661093667889864,GALAXY
135.69999459296673,-46.88816941628314,20.72337433994825,19.60662329944534,19.077900291024775,18.597780435949996,18.58589666396301,0.25304751901150585,GALAXY
166.5647228410583,53.024090166034256,17.767739915251532,17.203227801633094,16.61512853375494,16.173330957720836,16.018105557218536,0.14355562181562756,GALAXY
108.49603469909115,-83.759351989233,21.907932887021975,21.14831468703712,20.47584435242454,20.420064124440874,20.169041074817038,0.5102939510430664,GALAXY
269.1393768634504,14.905230315028135,22.25058769020545,21.349597468709536,20.70094420706744,20.422926649127767,20.258183468038613,0.42228872492270786,GALAXY
180.9793404332925,89.17875291443579,21.22700143970782,20.696946358264814,19.886849653531527,19.55024634669723,19.45259681299852,0.4375385641270493,GALAXY
83.59657025285424,64.02529689075709,17.90025265831305,16.953120884833186,16.43745718242727,16.144470871645044,16.10066762443701,0.6580314388812502,GALAXY
323.84684637884465,3.860224027846101,20.316690623188773,19.129197921929062,18.400418643592843,18.365265827417932,18.349857806776235,0.4564082952692832,GALAXY
138.20083969435612,-78.54463632840438,22.963596038282596,22.07148225336705,21.614733150567297,21.21649519127164,21.285271030039972,0.11977832514664381,GALAXY
195.6790300010359,59.64723258942777,19.195248454436914,18.21390436284163,17.729407637483565,17.284716502982437,17.206442223037456,0.286390738435758,GALAXY
326.3299599472369,17.816131471897904,21.86832325432684,20.589481088778754,20.311789233302896,19.794163722806633,19.70814289558136,0.7088932381131465,GALAXY
224.72567852903717,-69.31206052927797,21.32530189943551,20.161407120912486,19.66628895109156,19.339867127101407,19.178214504023,0.6496426638895779,GALAXY
42.083294655011066,-73.10568873179588,21.55885390667626,20.878498277613982,20.063371130014097,19.946104533615326,19.78245105366019,0.7810510012230475,GALAXY
338.33956450085105,73.73282749858663,19.26359190557931,18.80645776938258,17.972747140019028,17.804714761843467,17.622870254867273,0.6117767381109176,GALAXY
225.97489910571042,30.456047328854112,18.19552286613333,17.310755299292193,16.688302716000482,16.293262896193085,16.273801180836823,0.1384952523700215,GALAXY
120.566021276551,59.271623877016,22.590222875044635,21.62005938862436,21.156306165000604,20.6753007171358,20.719561647285353,0.16325522541648382,GALAXY
50.13794615881941,68.2162020508081,20.021969590380976,18.5206921410573,17.912090798261545,17.61430794310511,17.607419692011835,0.1615010320520001,GALAXY
285.8490681373066,12.919023368697992,18.156916901936672,17.25697708626884,16.490669436752597,16.354068781992677,16.151678843209368,0.24540403778319295,GALAXY
223.22619213426486,3.1403433159074297,17.99964090311985,16.793780411212005,16.415706774070685,15.885940698299489,15.937700859637857,0.44382377204074647,GALAXY
192.04599311147575,-12.523066142221765,22.67900819470544,22.043039772581334,21.634871156488146,21.14838519333869,20.81699912963635,0.027830060293019696,GALAXY
321.80132989834476,-32.94961419759853,21.680827799031693,20.50144092031727,20.008900020817794,19.73671306642352,19.53570140728906,0.4324927717661428,GALAXY
283.8949960408311,-11.772727045431878,18.794811399363997,17.87068239100042,17.3959686284782,17.186517532917335,17.071794193604855,0.09721144505744768,GALAXY
54.602956703790426,49.29833803142816,20.40474868938988,19.403341353758655,18.889003142901487,18.435690448809126,18.55363937183893,0.4437757458292911,GALAXY
112.21994440639736,18.346217582723682,21.013134951053367,20.16311033209284,19.49657220055413,19.1481232893546,19.200732567954148,0.6769255727632234,GALAXY
89.45609033320767,70.65419219187228,20.25834461376505,19.31897969374297,18.72574207117543,18.30460982594299,18.17596635663063,0.2441149807356588,GALAXY
267.8206653261637,-10.191597411746216,21.579283471907072,20.808509390760182,20.333626731737567,19.97046143160893,19.85264593737052,0.3101214126349362,GALAXY
12.071676504880578,19.27612416937572,20.224108495909803,19.635641114790815,18.874332952979888,18.465445624621186,18.416685377215757,0.15925455287431237,GALAXY
205.16028655367396,23.635359556557972,22.59886099853553,21.557969800876027,20.914714526724048,20.756345008497494,20.71067724735131,0.27995238467993383,GALAXY
274.4851268666486,16.505489215138596,21.83345209756665,20.654686292758967,20.062473258557755,19.831834864735928,19.60625211113744,0.555017842617555,GALAXY
315.6356292342298,36.47407915539294,22.22922717252172,21.72596008810383,21.211790280306502,20.928143249628743,20.61078714158537,0.6454130576167664,GALAXY
123.14942953772669,-47.26197569253487,22.75037928327815,21.6181204277137,21.235981233237663,20.91605730887631,20.89506759014133,0.37677517176622866,GALAXY
295.6526296819246,2.2254799582423175,20.309636012211712,19.67999744023988,19.017175064792973,18.731226373162148,18.474903984533025,0.5914537210086154,GALAXY
39.827425303874605,-71.23953549449742,20.825661728464855,20.027653163048257,19.292994590390023,19.05649577703633,18.809510210844277,0.1366441412172994,GALAXY
304.7228250244265,-20.787961023933747,20.952546471913486,19.814735893290987,19.29980900478266,19.068831312251927,19.042874831326646,0.1593236533697328,GALAXY
45.89591843951367,-2.2199276481724013,20.429584769911997,19.660379981750474,18.75207186942144,18.505524089904124,18.542988176271905,0.5406784239772119,GALAXY
143.02342460173222,27.40036671818504,18.241822297050568,17.408856990185168,16.703235562624336,16.396221854456368,16.37000488699231,0.6773202419899315,GALAXY
287.0263316806393,81.09558946551664,20.506456293119864,19.111814160610027,18.50110631480027,18.3308458965182,18.072557905120203,0.38055766877471137,GALAXY
53.97027384555856,18.117191978704057,19.377234769528243,18.73445123503623,18.096361226187575,17.948976920001527,17.869338992023565,0.6631148422330629,GALAXY
82.53050228375093,43.84690491178077,18.77382804689337,17.49271210068239,16.98276477876988,16.61276746599199,16.50889748534098,0.43188190700392703,GALAXY
260.0109246215039,1.1278907091364943,19.791907536830596,19.10079837554249,18.263335317625828,18.08460885891508,18.084549468731144,0.661531299620767,GALAXY
259.21315315658677,24.138725647739633,19.983803493470347,19.059344247071994,18.61188305317712,18.13715980125061,18.03936969695934,0.4426134674728195,GALAXY
230.81314783870704,-77.23220109592079,18.415724554544763,17.643540271310375,17.13392277920154,16.656062504645703,16.582578922437783,0.6348932185116718,GALAXY
249.821440008156,-44.20951544846754,20.681871470413174,19.64723198114463,18.987008532359248,18.754343356757182,18.70192262837539,0.2810612579694375,GALAXY
195.38079960513463,-24.866443223075038,18.658943370446053,18.204740888536172,17.626134830874772,17.2816123269981,17.281069067474963,0.04468464476820343,GALAXY
90.64766120650299,-4.951196098827552,21.52409788716552,20.55153687262895,19.779038926918233,19.592780605445245,19.584368864124656,0.20455387994150687,GALAXY
124.450557661411,-81.78322580957092,22.980240513105798,21.910874636668606,21.333364531748703,20.978009213166125,20.891603071803203,0.1604610276537363,GALAXY
65.37517804851323,-64.79566244040282,20.196985935570034,19.26414736503241,18.67794504940742,18.546565518753276,18.427014497393515,0.6990415779091271,GALAXY
327.0422020801062,-40.17342459756496,17.723007740836604,17.053219681375985,16.532622595439413,16.210456980592742,16.193449386353997,0.5351981292783933,GALAXY
210.02104611580336,84.87588436218911,19.365193680400125,18.439943584917373,17.872849233971227,17.54059414350729,17.27093053231588,0.1144078042447687,GALAXY
144.30651003491036,-30.357538721450865,19.872516653693907,19.079874440681273,18.423686498611072,18.265239994065954,18.053614307658858,0.16848693318847563,GALAXY
166.32208931188777,-3.232609539825148,19.2814557124948,18.413653971184207,17.88901950186039,17.45721304257935,17.545045489156674,0.16450081121020324,GALAXY
341.02200226025354,-54.70241170708927,21.347455679762515,20.453885282921835,19.9331505323578,19.46037582580021,19.340430835140506,0.04100991192608993,GALAXY
55.20650512178887,19.940412793638288,19.622334739360102,18.48303814086289,17.961280527364067,17.798001860336036,17.492576356824387,0.13633146356906076,GALAXY
211.042739526047,-39.47702120712462,20.29871063415084,19.15019262988825,18.498442065146072,18.190876635246923,18.01295038832415,0.26984662478647226,GALAXY
182.11992439840776,-52.74133588108318,20.639467265878775,19.825439238540426,18.954480022719764,18.763172301218308,18.608250337107016,0.6701008608720027,GALAXY
220.12352475647322,2.983073120276231,22.817461830662907,22.014385195410554,21.525205764086106,21.300282508214565,21.334586342292333,0.44609435611356446,GALAXY
6.519666175502583,-89.00895615112425,19.114107472616496,18.33737545130042,17.615861672444865,17.32046711473552,17.240109195264882,0.6420429822815834,GALAXY
313.96460721989456,-88.62047412313945,19.518743421239332,18.598509838703755,18.149004938526602,17.79712508335421,17.8270142285071,0.6891357826565154,GALAXY
335.56258169410046,-50.5676143616656,19.19585465381233,18.163044453924236,17.597664274813603,17.417169804463477,17.240540189231243,0.5775835408753018,GALAXY
203.44794609211522,-83.3901547498522,21.928962901341983,21.315263055955185,20.510182828318246,20.18419794114122,20.17730856834034,0.7732806396192841,GALAXY
250.7942965956812,-70.55536425647556,22.203516815182375,21.362869597727794,20.799507581515822,20.647895625495718,20.48607228954323,0.4876440436691251,GALAXY
332.09977722382644,-29.00508311902471,21.736780416638307,20.561875775169234,20.14600692531403,19.85615672475196,19.740202821452048,0.25236748365698003,GALAXY
254.6059083528235,54.4654223243663,17.959117201486954,17.152838746845706,16.49658639854172,16.119958506145654,16.025242211712015,0.22289713960535706,GALAXY
54.91405544913408,12.96875580647415,19.275676991172062,18.310270873390678,17.645635552421414,17.381107892767226,17.11203063373689,0.6111042636393798,GALAXY
207.46380966005273,2.2801906721549585,23.33303950656752,22.257150790189293,21.641802886236537,21.382726013704342,21.459360100773115,0.37723134492620125,GALAXY
218.41741669782812,-37.1720118225381,20.68348622412698,19.701749259218627,19.362311870088412,19.082425415849226,18.770031327397927,0.750930711114958,GALAXY
152.68704166885897,77.71566949790696,20.737099090234818,19.897960936846545,19.283848868767222,18.864458469335545,18.848508099111566,0.21899156611857296,GALAXY
265.11992482490024,-18.537292577305493,20.62964252614459,19.802538897072683,19.13752899934897,18.742738609409944,18.90707593051965,0.7449774299351236,GALAXY
336.37212531684537,-74.32330197676113,22.047539492309106,21.188691670407376,20.668193148248175,20.467576499638458,20.28496036823732,0.5039171117474369,GALAXY
333.2046646464395,21.071972901204234,23.39032391129768,22.224939757409867,21.73205872012188,21.382521005865183,21.395514928763834,0.6240686970336955,GALAXY
162.30217370548755,-69.50908917421174,23.223482187102267,22.327411979652275,21.391421674649152,21.213642775014975,21.294113922425485,0.6035057623808193,GALAXY
40.765696502671894,-27.85983429569542,21.251537912777774,20.629009897627633,19.918126707191757,19.722122307908258,19.77771201591015,0.43393239099104014,GALAXY
354.54283162644043,1.3341489692056,21.84580072719657,21.315087984344462,20.6069220952683,20.168327467445373,20.175500162053574,0.7933594461746918,GALAXY
302.0033111205363,67.36005444333165,19.476568101415626,18.453538895065037,17.94506695039717,17.705713352269903,17.48759348534357,0.30044985638669564,GALAXY
44.87856523317606,-1.1616155387786335,21.49467799157005,20.156759719943846,19.636866272530167,19.268513511868655,19.06867233126018,0.45282608840924904,GALAXY
331.50307774225405,36.40657788569956,19.619131074799114,18.745782857395497,18.111081826853553,17.886622365217065,17.730158725690334,0.6467530386364246,GALAXY
313.1626903423662,88.70703101983267,21.50149923785609,20.627803837515987,19.973540059774972,19.8211497296614,19.75655459460024,0.08025432297646885,GALAXY
186.78170056538596,-66.33195841836331,17.855199593267276,17.36196065776792,16.554135835256865,16.151642665627044,16.369404962954317,0.45694373573742014,GALAXY
212.85915686817452,-40.548325406486484,19.954207069768177,18.941938575714993,18.26816116973568,18.05020694915505,18.014831652963462,0.07657374175280478,GALAXY
143.6409733932469,-18.976306392423652,22.068077249784118,21.46287671637716,20.83970931003419,20.488683436352936,20.3114418612711,0.5470563189237763,GALAXY
19.71418997593128,-14.070927863010354,22.166881766881264,21.433338118643356,20.935598094593836,20.579240148888246,20.57867198896471,0.010190290869114514,GALAXY
120.67100699252433,-16.016206452201757,18.658501199895834,17.726841009800705,17.40231874827432,16.792358932405794,16.776846579285348,0.6972256877733536,GALAXY
289.0272414952841,73.36998046017987,21.256464346296106,20.45830037308194,19.617766596375002,19.25733581167961,19.20520487016601,0.012466104571563606,GALAXY
1.6675282816570292,38.52587600403416,19.40531038095941,18.5624761721006,17.89070663699767,17.73203016988964,17.606388707763234,0.6018815604218096,GALAXY
120.05970180881191,19.42293853632667,22.70944461096696,22.15902328436884,21.39730225382302,21.067595536597437,21.070953647173944,0.3577172733070647,GALAXY
143.3407296927396,-34.31291078469923,20.266788342691747,19.615420763572743,19.24436801825864,18.763424295837744,18.66719851205098,0.2860845544307742,GALAXY
193.46241705765223,58.28226915983305,22.03262325013184,21.09735443035988,20.41821803898594,19.96434382801681,19.91953702793236,0.44448339924325275,GALAXY
331.14802190859376,81.91089206729802,21.047572434935976,19.775744884633166,19.046374042579952,18.728627221229978,18.558366143917464,0.11735005860079942,GALAXY
124.68455797174605,57.815690859040785,18.14867147307637,17.197581575604634,16.66136387895149,16.257478399946447,16.124876889951476,0.4866271968592328,GALAXY
124.90315268264197,-89.71828106553488,19.77621031612742,18.426568964003888,18.066378191838524,17.699400435985034,17.748138803876817,0.26685501343620893,GALAXY
265.5004493195094,24.55224663301327,20.353499695310312,19.50707300904244,18.880548741125104,18.637115578166828,18.434668142617074,0.2730005560228086,GALAXY
162.7984587203306,-80.79563134042186,18.51616588625661,17.816411657140893,17.461336307405993,17.069254952092376,16.937517439200587,0.6099943896587626,GALAXY
80.8577362583935,-43.630700339930065,22.734406928067333,21.7897354243334,21.176616345620314,20.706057691461318,20.73649409171814,0.21556698066924537,GALAXY
162.8782258077696,-79.28555393740109,18.72567795887654,17.903813021624266,17.335145326062182,16.997677036859663,16.947982543770884,0.2823816736370839,GALAXY
50.70852733672795,18.683181530889797,22.820129062498076,21.64043032203528,21.184321551848946,20.87491944284034,20.96820025022907,0.4992875316896762,GALAXY
63.49931514224039,33.58618442866923,19.144153978947596,18.267714854910977,17.569563406677688,17.331956994730685,16.927165782022612,0.3869325162425898,GALAXY
179.4123981862127,-69.39222514813707,20.291739239785386,19.51514767662124,18.671817084549765,18.39363710699735,18.37079193873286,0.19166951816681704,GALAXY
150.81316182163724,-20.909001051903687,18.5162728120943,17.84621542024201,17.204027314189158,16.816614116873517,16.880184598482074,0.7163031381110704,GALAXY
329.34452438451603,-7.877428388002443,23.051690814503846,22.1652745571441,21.38104141788636,21.097590979390407,20.983446914540654,0.7830106270907148,GALAXY
130.46180368198793,-23.570456083035012,21.019040110462036,20.333695047098526,19.59408681063026,19.195201224330365,19.136057122384752,0.4937259181839135,GALAXY
209.01180610009564,-68.21549991266525,22.03731275594518,20.79068799689563,20.182023400174263,19.883192747151615,19.798757674146753,0.679139507957376,GALAXY
227.61514365103093,-14.589397766254422,22.140859739865757,21.58739413886196,20.712695341773454,20.47798613730286,20.534074389272927,0.1428314578568502,GALAXY
4.714004371800109,45.212048605515264,23.183222586410025,22.251008208306505,21.74763626986052,21.26573162645362,21.173655023402308,0.414402675803003,GALAXY
238.87345392601583,-77.21862038401402,19.38859732140567,18.605614431590762,17.999267625615047,17.684825680189007,17.656125021052553,0.14563825457150806,GALAXY
64.09294807311052,-75.56759746525738,18.20423205670779,17.486096712380366,16.900674373006332,16.540373748379544,16.4276931956436,0.658689622543292,GALAXY
345.98531428900384,-26.14116746952284,20.548791368534822,19.643519722227147,19.09934004849307,18.760534048659846,18.479851354458486,0.3736538981453447,GALAXY
53.51858199112066,79.51062809140652,18.19067460319399,17.309767040818663,16.478253970603827,16.221406228937738,16.19697686924364,0.32409757675541084,GALAXY
149.26468454172854,30.343076410124525,21.22550808217533,20.40487557538321,19.7905306441914,19.529236679701608,19.343278718718807,0.31918869375736014,GALAXY
30.72588050831179,32.16059220106166,22.527534427263873,21.69309238020044,21.072500506326357,20.8525039779952,20.818961519022096,0.6687941143642192,GALAXY
358.87473066454106,-24.85440164918431,20.80279345024766,19.89267121463194,19.531643589308132,19.104839309383756,18.924727297206985,0.10923403578103863,GALAXY
180.79020371924733,16.858942417536923,20.096313950461834,18.9852977301154,18.70191863746074,18.076128479437873,18.20563244077604,0.2015108629708966,GALAXY
214.33860623521576,-88.17638687500619,18.585024619170376,18.106385032181247,17.225562362997422,17.086963183018582,17.029862602361785,0.38169556808084903,GALAXY
24.147531859833894,24.497288353717593,20.230333727799653,18.90196456416257,18.529303992166085,18.132012582722425,18.027332176277746,0.11762458472112326,GALAXY
269.985769343704,74.3916505637226,21.281103415741924,20.34116313988274,19.796852966316415,19.4813559603524,19.402127649452442,0.6124962570300726,GALAXY
75.56601351441087,20.263224302067457,18.93333336196006,17.84996822169499,17.365528505505026,17.036397865237696,16.917200417565315,0.172094438382177,GALAXY
323.299544198657,67.2657468239421,22.041739104955123,21.259540919571204,20.641928136473485,20.274710938700878,20.202553617978683,0.46060598704034933,GALAXY
73.85027057352258,40.31514998389687,22.894713733306265,22.012197815416833,21.3197431253603,20.831293051675228,20.912007932637618,0.5828258549291442,GALAXY
68.64757943891996,-68.29948504733575,22.98405163966984,22.388704187004972,21.63961547861369,21.25987886220675,21.264325118948673,0.21678476653924872,GALAXY
13.157880425314158,72.44159531145152,20.79186224522067,19.67869609756342,19.23289955239205,18.809295626238626,18.863179437353676,0.27281165935895585,GALAXY
169.94410023959972,-78.04010801596053,22.457771050597874,21.50809203867136,20.734692637895744,20.562628468386706,20.324338266423606,0.2613584155118755,GALAXY
203.34280797454193,6.114145058597487,19.398953055692942,18.35213285502905,17.76938302925299,17.45290185056646,17.47494091839338,0.07636135447129427,GALAXY
23.655110194206852,-64.41531771717763,21.54920155594121,20.7633340937432,20.14634430732081,19.745442048131064,19.58996366140853,0.3243829143990535,GALAXY
279.1899420102038,-87.89281006843727,19.072391703694258,18.51474546399061,18.03436732379103,17.70177771995149,17.838136414444882,0.6658445436279782,GALAXY
163.18398050928994,-14.033833177024974,19.70833531736083,18.68985303149635,18.164005282514548,18.035653969221343,17.86300424002397,0.6648546140424796,GALAXY
188.78049695792882,-36.89267262225188,18.365000737366877,17.405784828462934,16.91868155813298,16.534858083874653,16.50677427711609,0.015703758132937024,GALAXY
158.67458889776213,-2.5199111164314587,19.30958320389891,18.623040217531305,18.203269431509227,17.70728505309056,17.62810409745038,0.6780447770908649,GALAXY
144.27470191511736,13.89597961221915,22.771284107236873,21.92924184756514,21.349240865105433,21.032367726784813,20.939720290907943,0.2544904475639449,GALAXY
201.47051927095845,-82.12696698438947,23.13410604623254,22.28030169536301,21.653156288777303,21.22528402659814,21.533334224097494,0.1865605082621136,GALAXY
55.8864885350565,-67.85940687772579,21.726788924647384,20.646162771512685,20.141240719837686,19.76221776048064,19.775658359206663,0.6992477633742459,GALAXY
65.4941269782976,10.555631361076564,21.400077772524426,20.733650757792077,20.229220354086365,19.845951669588647,19.86752191417743,0.6312302349097414,GALAXY
310.2428235648662,-28.22987642892152,18.812993807738845,18.174814580295852,17.58660686610292,17.391580472478243,17.33082114175,0.35334004655513024,GALAXY
340.6015663681078,41.251227758900626,20.540634904813903,19.588377660933123,19.047551358202732,18.898948141188026,18.5420679093863,0.5544914917267321,GALAXY
134.39135386071106,27.412496746549138,18.336626874334385,17.615395903704997,16.823203470318823,16.56795074545939,16.575479870405907,0.7113252724370492,GALAXY
97.46808233167935,62.20878533818322,23.12882197397573,22.283269878625156,21.53222382733498,21.36821187163885,21.000765074121656,0.48899038842588033,GALAXY
231.83983556604568,34.648708800460554,19.809109087306478,18.999720758801526,18.31559684886226,18.00707589953107,17.774837086301105,0.41532484406211606,GALAXY
147.14430159531472,-12.612406069773343,22.271724131696185,21.445299864933638,20.829441962111105,20.396075404026686,20.46280507853489,0.6910464278137829,GALAXY
9.13908803772415,31.13399203099783,22.65119331495749,21.78797381873999,21.381754674689883,20.96172332891598,20.750088857141737,0.5989474374286904,GALAXY
56.21493505182853,-40.431388634024664,20.592233795949284,19.68327224139375,19.255966075613816,18.675587567553738,18.67609090798027,0.23018383496150768,GALAXY
257.7500023850631,-34.86357021992172,18.579065504769886,17.70255913769187,17.312103550090608,16.98749463199916,16.81395425683817,0.6303102656511318,GALAXY
237.2126190876545,52.01732878574279,19.010376994143527,18.23526246824502,17.59366129683343,17.348542813705436,17.29435442721245,0.07496424499337441,GALAXY
9.754557301254057,-9.644487047715202,19.836229311598764,19.22551561239831,18.773832122814806,18.211599383368064,18.31039935306757,0.6739551694946564,GALAXY
79.9099782958618,53.70846129330346,19.444740850018032,18.654326266221172,18.09971286560663,17.79817966238438,17.61245731571105,0.3828305189466825,GALAXY
83.1869267717057,58.036027260290126,22.515696252487132,21.80414990035732,21.04406607447379,20.997557664844553,21.023804948605466,0.6100538487919875,GALAXY
241.88138769554223,64.36122077903107,22.281981864109763,21.516224077107,21.11433456217121,20.66959899444776,20.79243866764941,0.795080751186666,GALAXY
7.095793591571096,74.99434245141731,21.48182595304908,20.88204819169,20.29694158492779,20.00571270514347,19.980594845277952,0.4249478672160857,GALAXY
37.479089514446585,-12.422660307606677,23.836797200878934,22.1475517849896,21.505963219534053,21.4507926038558,21.20249332175478,0.4239897591953937,GALAXY
287.9697907343482,-32.60397270219501,21.01486088803353,20.085961882933148,19.478867134548373,19.090983637714835,18.871398722961903,0.04951486851272722,GALAXY
64.2760783395601,14.795774386940494,20.36973555659681,19.451264226903984,18.92001575670298,18.762731179257813,18.654692160339394,0.20338372003324562,GALAXY
234.9885988266749,-23.18896378122703,18.10624286091711,17.230670694366438,16.481406224328865,16.208326918396025,16.20306240917423,0.14157101498910304,GALAXY
85.74580117682154,18.193350024041933,20.506562340264843,19.642502813508045,19.266350406934997,18.989627774625628,18.74438200706066,0.3510689308358509,GALAXY
35.79890139336426,37.00545527588844,20.659889584471685,19.402628639915296,18.74285009079134,18.462376629458603,18.20015632954991,0.3595681377977496,GALAXY
87.54198875980347,33.91290332858463,21.482186590608425,20.696552599519865,19.84889450389829,19.69154714613867,19.48892900028475,0.5676899279921798,GALAXY
260.0160954680373,-22.58048033637816,20.894585192667776,19.875529212780688,19.082737457901658,18.817467719678906,18.8838999023493,0.06609535637584496,GALAXY
308.0507285182629,-59.96516369422449,23.000172747375196,21.819461193025575,21.15931171519063,20.75948245516722,20.72825758055257,0.0813516626362677,GALAXY
298.879151244117,-12.504719076802644,20.701708404112708,19.989485931844534,19.51047059180199,19.149375209223273,19.02318483672921,0.33348188609213403,GALAXY
142.98607066264373,-64.33305406525642,23.079597503573837,22.100792065653902,21.600955744162412,21.223868604848764,21.02304048717499,0.3274999792852136,GALAXY
240.51064916543262,70.2174663330855,21.270120744235086,20.117101703972402,19.388924120702477,19.168396543632582,19.0235698392519,0.7773249936422078,GALAXY
73.79434634969554,-27.74205706718567,18.609775743409745,17.62702372298834,16.985139679425142,16.70794124421742,16.536747355230112,0.4763362666869237,GALAXY
105.53318289396478,-62.19724549980172,21.169638101291607,20.4461254165592,19.822925827828684,19.444258312532863,19.33121358053117,0.792733071197291,GALAXY
322.6808946676031,-85.41940321696484,20.640446906163966,19.637655710354814,19.100212423864235,18.555415308049962,18.475455278716296,0.7175644720175157,GALAXY
4.680692463864973,26.24802953156717,22.289987946616954,21.265699118080878,20.613421687325552,20.555022988482555,20.375925218974956,0.5631487248423019,GALAXY
30.783071107608507,24.642417141853784,20.728862355412357,19.833767340202687,19.32946071912641,18.90138032280813,18.900735339692872,0.17462310641697207,GALAXY
74.83905185256984,-28.6912500153675,21.399731518756074,20.61716452253076,19.984307803156373,19.544561258103457,19.57454928006799,0.6963182121239039,GALAXY
9.551593394575097,-77.09186000742282,20.86279445799687,19.792105958695426,19.284049447582717,18.857834667595135,18.690988106241058,0.41392363953436734,GALAXY
65.31675663232703,-16.266798918858242,22.81723646718931,21.903404380002996,21.4760881719536,20.989278831601904,21.1092077282314,0.42490973818232974,GALAXY
209.89496194908918,-33.98085088858915,19.035997681816742,18.311170695266856,17.5409516704873,17.079556033395207,17.11746877595409,0.3009652018485181,GALAXY
151.71283821329925,31.88171515230168,19.78868994668657,18.957316307538022,18.367057506193827,18.068165778644385,17.951626091933633,0.716499285721732,GALAXY
321.36181598771094,19.040264901484264,20.090789231594,19.557916549673962,18.928155939577806,18.639925526366046,18.54483944499094,0.45962184065887196,GALAXY
294.2796822258387,-24.373128924442796,19.88089870704455,19.073763934290465,18.21855364812557,18.23588464087316,17.88736412416462,0.047894371277785945,GALAXY
123.05424661123536,-50.77934023410178,23.15953322944845,21.963189061765238,21.04527174148855,20.91662795794308,20.649543837252327,0.08836367878917409,GALAXY
93.39243603526529,87.84647390800654,22.670999714950668,21.837197662027855,21.334715375995923,21.024851865359924,20.778721839958227,0.23536961758329503,GALAXY
136.68926694021607,-8.27970818469933,20.50558711618792,19.4741936091304,19.050430983786768,18.585574333811063,18.33404315440471,0.0662533068575737,GALAXY
212.5061793053308,33.88936244044267,22.355673886666697,21.20002952164601,20.709934854549992,20.37902162048434,20.468947563330683,0.3028614190598494,GALAXY
96.50291069623546,-64.70046583589506,18.77976864421548,17.791147694203353,17.297284132175164,17.155608567735285,17.03887211305059,0.43508283887050286,GALAXY
224.69360682568825,-2.5938540613083916,21.470642412943704,20.442193065582977,19.963595794534065,19.631593468936735,19.6198851078793,0.19256024848630918,GALAXY
147.38819478884656,-85.04339042349622,20.37506795439582,19.73328020940992,19.153579100675138,18.669798142827293,18.5655437247858,0.37003129306670296,GALAXY
198.7369851067129,0.9819212238809882,18.494231003263398,18.01157694804476,17.308620164350128,17.021651092208234,16.71482313726815,0.17584614702205267,GALAXY
157.005550488714,83.52313328118643,22.32747086968657,21.014658460110446,20.562745074735414,20.231520739592025,20.126342569025233,0.6239573450024201,GALAXY
106.00767343509037,-20.842791662555953,18.53931451524585,18.302422298184926,17.639278838249005,17.276284334215354,17.145020962106468,0.022139338080431413,GALAXY
341.4431905063764,-82.98071773651591,20.362051062539386,19.35931273821428,18.812912589432663,18.267760385555817,18.287920862776346,0.5207627280367788,GALAXY
274.8980858975139,-84.42795763451817,18.648947607415646,18.025738728781924,17.29657435093385,17.00830219662713,17.067695412836304,0.18922770790188037,GALAXY
50.44074327592292,-20.162383209563487,22.027478162562254,21.39370850076904,20.81701918229115,20.353046170554727,20.0546697064086,0.481905947772504,GALAXY
312.6484713232486,-61.19551143662507,20.280118787893958,19.675643741571704,18.85003874732156,18.54806167806038,18.57646038423198,0.16994935825564253,GALAXY
175.4752313698249,-85.79662266092653,23.206610181806568,22.259959400924934,21.57513482747783,21.357490790633907,21.27089199222314,0.07718446083179618,GALAXY
322.0388016818729,46.118450511031824,19.23975681053278,18.047595292403205,17.592641534155433,17.168244306535748,17.094241074934168,0.2792924662713098,GALAXY
287.9478921410335,-7.4658584012596805,20.011155231327844,19.269053043102975,18.49050067546345,18.225101460886496,18.073608960842638,0.671419599617213,GALAXY
153.07686160892405,-37.93594104492219,18.116053017601487,17.21679363090271,16.76971063449734,16.320143593054205,16.438839339718047,0.6084327600266197,GALAXY
8.088950995242264,72.01497294296652,18.67673877674306,17.600819129863353,17.016213073204312,16.724121857521354,16.567547762554916,0.5632420195682076,GALAXY
96.72384937858058,-69.09498716390539,18.862048519379133,17.73042929526925,17.4405720726354,17.050620990371538,16.96351098678527,0.7405505059328458,GALAXY
194.9883172779121,82.06538921195747,22.48630667566747,21.429737744167138,20.996225766673202,20.65976585296219,20.497380449915443,0.2117883420264115,GALAXY
228.052159137413,-33.48599087207649,20.601926961212722,19.733861496884977,19.111221498304047,18.849912342138534,18.803336843789854,0.38238080703666805,GALAXY
92.83956675595282,69.91266101556263,22.561185392399835,21.60750885045206,21.04603488833522,20.798813144996718,20.78597272262422,0.7123829946166785,GALAXY
50.168186666216684,18.52971776630308,22.958342209420866,21.99068395129779,21.57359044220374,21.043264317550378,20.99132910001048,0.4498707236548056,GALAXY
300.57488524774766,58.80732475346775,21.87656406512235,20.822995945293332,20.174737975861696,19.94185288212089,19.81094395657803,0.2782278461132477,GALAXY
354.3847850532788,87.12236937788356,18.221313483518472,17.496164244292675,16.907749840698,16.725553338746412,16.43506297028553,0.5015118700971501,GALAXY
189.2484656289669,-38.08702119262577,20.98255646068956,20.166182909390123,19.4984267579344,19.180870398268578,18.934405130164226,0.43957234017573804,GALAXY
61.80454290538926,83.00438737336674,18.31507815676671,17.513616127369076,16.83565910702324,16.493190746238596,16.485409755904108,0.5586881594894465,GALAXY
98.03063754697283,-19.89325891756434,18.606214730468203,17.289854239494776,16.559432210047966,16.40698228430434,16.047257670261715,0.13078082136191857,GALAXY
6.620643557088024,-20.607857147353982,18.08238256603477,17.232805879737636,16.67602058910878,16.2062094654893,16.399201958954603,0.5284295156662033,GALAXY
329.14757036177963,-28.730321234188978,21.23101430520271,20.174114410378838,19.448622468154717,19.43988007423629,19.2195325211952,0.1917003575132359,GALAXY
42.39038984045081,7.453369322565337,17.604831424306393,16.989095088784858,16.528549678051387,16.02275260386974,16.02657675421104,0.4799836565259085,GALAXY
207.54593118513128,-62.25389222787233,19.389032044923155,18.741139920797877,18.049276376844325,17.923030148259084,17.51008370665136,0.6996294970231115,GALAXY
98.65987944739416,9.66806736444201,22.30392048987534,21.59563974558449,21.021414744474097,20.86715488166203,20.65484629884082,0.532723297966849,GALAXY
199.50408090568564,7.5068662338007215,19.472138579893457,18.497065289466686,17.908760474504597,17.67870872653764,17.62704878027893,0.7440019186261473,GALAXY
234.51133980667112,47.14232626887659,18.879837222943895,18.194567493271716,17.501227640817497,17.308087258144884,17.174376804184263,0.6838353298022616,GALAXY
298.70704933459257,60.0569931487654,19.891103699325427,18.454126709071232,18.26414052669867,17.7963235539303,17.603177109030327,0.14104356048340305,GALAXY
74.31165783381715,-10.720556943763668,18.990304841984162,17.81215246739795,17.086832053173,16.723192315913888,16.84190798091462,0.3640216725774761,GALAXY
3.958498317052972,-35.580015116731126,23.12410271244043,22.02643118228663,21.591210808096086,21.298654466322063,21.120405414741867,0.4778302425390824,GALAXY
49.27882682477062,-43.319718482922994,22.358839556550038,21.63486243544245,21.22453126328737,20.93473313886831,20.83824941187438,0.3894108712758457,GALAXY
324.00671106531786,-54.96770939312305,22.656470019088058,21.749398590724482,21.07088496762104,20.70271670641866,20.77371675432038,0.45562708813401387,GALAXY
314.6004279225055,-79.62343520417552,20.784473888464603,19.726887106347583,19.2053928291991,18.92079677734339,18.846517868848196,0.7027659561779692,GALAXY
215.068716781311,-28.3593638097516,21.61248327892058,20.63805033234215,19.84028435535075,19.736478733868367,19.62698110370361,0.21039887270614024,GALAXY
216.18606975611522,-41.35541541645901,22.657078967327926,21.767998041185535,21.09957044629419,20.86644347061107,20.71938631567913,0.04318455626086141,GALAXY
239.41320283665198,83.95512945595331,22.81913234146781,21.595529695099092,21.196289592218747,20.896507309752018,20.909433796794758,0.38064117836824496,GALAXY
63.133660304441854,10.387588725007902,22.540859327808576,21.53602495758019,20.882391165825226,20.617117828014134,20.495794063830786,0.6224994455654972,GALAXY
329.1883005329855,-27.49013297450864,20.93090055715874,20.106631553864865,19.47679434612039,19.08916061002374,19.20094417144376,0.5732922798083864,GALAXY
150.75738896114632,14.484168178865275,17.740120188844845,16.95092358698482,16.55124675011003,16.151069079755455,16.230439795329378,0.7503445237839463,GALAXY
137.92987016981908,-64.94459375777481,18.381988672286642,17.9149104446109,17.28440835213887,16.92817107448847,16.608772633101808,0.4305547050841568,GALAXY
186.81037390182152,-10.072125143603472,19.225608778654845,18.444900207222233,17.766709875393435,17.459752728151745,17.12953542138606,0.22633559008841475,GALAXY
16.907748039019815,22.722177855791486,18.686764336058268,17.51529996939283,16.89904498858772,16.840048899956955,16.701826643199233,0.3197033324948371,GALAXY
59.86201275218859,-1.9983902773587516,22.429527854206825,22.087316818983766,21.310895673901054,20.988055479406142,20.841199041170277,0.25846888204519314,GALAXY
265.69210191349333,-17.679815882221632,21.24212033397999,20.805688500853737,20.212698301457397,19.877764194317365,19.7980289386007,0.2961212184709354,GALAXY
29.807520453045527,88.89271000194566,21.870585508122026,20.915174449645342,20.19051978628756,20.060591656502687,20.062810049765794,0.1754941159484838,GALAXY
217.13475940789976,68.45665718680686,18.242452613198836,17.252933502392967,16.325288251496257,16.297475997293894,16.085669757899435,0.3570495851391176,GALAXY
88.32567948527554,22.213072468699224,21.797291765391936,20.881924603528223,20.465530066463405,20.14460994679345,19.89175090492788,0.6825129476510595,GALAXY
140.14642105511155,12.487925012810905,21.633273140890584,21.06740534312061,20.471074221223507,20.318569948624884,20.351739864125673,0.1381613611662326,GALAXY
103.92974523745195,21.71888636842513,19.56438619351053,18.668139807245222,17.975471293089022,17.86662178743977,17.694783012974582,0.6848714771994493,GALAXY
128.0421779273817,-53.763820591962016,17.846405235736206,16.86341107971472,16.52821311996773,16.218013875839745,15.992384089946363,0.25477341950686583,GALAXY
258.85652586632835,-18.875206212422654,23.090888234728705,21.984273505393745,21.393366928900765,21.251637557127754,21.18052994285787,0.6118261514144124,GALAXY
106.96381762434301,-82.89728407963813,19.511868936606856,18.63850108979966,18.11446024221004,17.804314143461365,17.563336747195986,0.07791925087057716,GALAXY
203.90567050688298,-4.401713252371195,22.476750805321387,21.54776864724607,20.967143254153783,20.650986421477917,20.75189669284699,0.7818071331547461,GALAXY
171.37814479167588,7.744425112379375,21.564045954018077,20.60807222852851,19.90075733063385,19.433390078913877,19.52660513003414,0.5156714133030744,GALAXY
238.92161953055333,-49.005047501422276,21.061631331040164,20.194484617814766,19.566584465645875,19.36657986450855,19.315216425607233,0.26840228974129454,GALAXY
337.25870615691287,83.52519248979246,20.381665022147647,19.73527576452341,18.859132749763138,18.714313239658573,18.608156342820383,0.733223660183077,GALAXY
263.72595499569013,73.70182996870355,21.86916417390486,21.138713888629976,20.6490364612296,20.372732849084358,20.129430315191932,0.5376676510100366,GALAXY
77.37853629267244,39.985782382063064,19.84971942159201,19.18988887868867,18.654027034066612,18.47507631664898,18.20911372715368,0.7329893063774122,GALAXY
11.225928622062483,6.009593177765268,20.416595627354447,19.109679067379044,18.68560187337824,18.2517119570594,18.08564138330205,0.50590886109419,GALAXY
94.41505594793703,66.5944487365833,18.877015851346812,18.242069366398752,17.415552630505594,17.01871259426209,17.03232475605274,0.23075951356635646,GALAXY
214.22805505209175,-66.48257811177668,19.05488196014592,18.179093035173157,17.46685068965139,17.24579671581934,17.155856043489567,0.2874035155398815,GALAXY
18.513292854330125,52.291762969479294,20.094442493013297,18.903618917706027,18.37811815166376,18.03017546456881,17.916315712787867,0.7223759240721073,GALAXY
178.69184899244507,-67.5322534859673,19.77217764282159,18.681068712239778,18.030909838043332,17.731430031230023,17.794673226663015,0.35628289273533953,GALAXY
214.86342561008013,52.957919258892986,21.48818693572387,20.927994792973806,20.353178404581552,19.942346742741055,19.85105181567786,0.0810741503001591,GALAXY
120.32780069410589,-40.36183771475575,20.685082220997398,19.900832349195937,19.495342276551128,19.130444561401138,18.919293867776275,0.20379529340892416,GALAXY
277.5283933484959,67.87630458327402,23.286405306835142,22.138077890905034,21.45582043945573,21.367598134881153,21.376476510769315,0.26117207046839,GALAXY
38.37537112815785,79.92757688857162,20.841358957228877,19.918612237297733,19.37632701028454,18.978288495123525,18.912722312263675,0.16616004013067248,GALAXY
27.049601424891154,-63.21672550707919,20.532643125015646,19.96040217019248,19.25661594649994,18.765346558316462,18.9960355359301,0.761748444457497,GALAXY
262.1479522332972,-6.718391088229168,23.095402995456535,22.231889196391126,21.329385511040464,21.144231028427146,21.109754287670242,0.46746729687193567,GALAXY
178.37687383423145,86.57772806928332,19.189797348336295,18.118278478868096,17.427049876650095,17.2154016907649,17.226893883390417,0.4569962143589798,GALAXY
247.82486271398497,-2.9866615248336075,19.576285329434057,18.5942238212392,17.888793928154968,17.595213823078975,17.57976156444047,0.6985773085997917,GALAXY
156.53784189734864,65.43855405261812,19.572219903316,18.869905785951403,18.273172312674504,17.97323568563981,17.9985481007895,0.013455446003577377,GALAXY
88.70473196607846,15.971673983637572,19.564968985876675,18.448488379596892,17.817222329771415,17.52466001756802,17.54909019860485,0.34879494543224443,GALAXY
294.8768343627119,-22.44061657447166,22.06675716221764,20.937949708230054,20.41798185148294,20.126482855740033,20.231959402973825,0.785287912417694,GALAXY
287.78971642883255,-38.558960005343366,19.869451251601756,18.758422850262793,18.28684139684917,17.911802013807193,17.98562367190225,0.37890425323940036,GALAXY
250.09072950759364,-53.419843604504294,18.9861639074829,18.119588723212978,17.445446024584843,17.299777097002973,17.295376039452414,0.5540171390214292,GALAXY
97.97224940278657,47.12367444798551,19.231468763561256,18.450323073363357,17.842413151073806,17.55081805982017,17.50010319622519,0.4935426613810488,GALAXY
212.48304007287135,-20.422708771854985,21.928419429630946,21.316814235354464,20.570850681486483,20.24407404883751,20.351527300907932,0.440935636965,GALAXY
129.95060289840964,2.0295831961352064,18.813805113078388,17.697325749830313,17.20361211178317,16.788281282437293,16.582264146862695,0.4690739333113382,GALAXY
32.969546397588296,-1.3814135997872512,20.657742818585614,19.58839742375255,19.062760541937504,18.72443906074915,18.668659852206673,0.08802755060501348,GALAXY
330.2328871664074,13.910225261963618,20.181188453069318,19.166126543920992,18.695179568560654,18.235656361266848,18.37367823826176,0.21549162658216536,GALAXY
49.254707130826105,65.8038862124194,23.035652151885838,22.20761069456932,21.489713627860638,21.118024998622328,21.054125258594894,0.5422322016994706,GALAXY
342.08544737548885,86.53308184501728,17.5653244236883,16.931524704236484,16.35644549594638,16.046335889510672,16.07569378836952,0.41114950769138564,GALAXY
160.56207826486406,-16.634842456712946,20.49729340485955,19.558059316923803,19.104619779775433,18.606780437388547,18.65164138841897,0.36069419145676646,GALAXY
66.64785438190307,58.953405979134544,21.12239679691055,20.97395226009601,20.861447922026564,20.798407863781755,20.652007987246474,2.278173958464088,QSO
195.08434105620893,47.61500303784916,23.45065132274638,23.219743776298866,23.065329078695424,23.0843770078394,22.908521624789085,4.016558399257215,QSO
314.260500915507,13.23521126200319,20.11203602677834,19.799822389255873,19.869697112813093,19.574506502585038,19.466496966986956,3.973074400320886,QSO
263.600959107442,82.08848585014795,19.3973297882643,19.238772554437055,18.917466819317255,18.89668470451426,18.644422638868775,3.486592452966849,QSO
290.3620132301219,-53.914587204887496,20.488297467550726,20.331467836913376,20.202049561754208,19.84798088594991,19.79554942739374,2.290109768507775,QSO
237.16201201585824,-70.33244214426814,20.60033280640328,20.48813438652876,20.202112375958848,20.202261532377403,20.042620819072486,1.886602729426214,QSO
249.21956322642689,63.71315405197598,20.917326523595055,20.816126656189066,20.51854390390092,20.476153970620487,20.21868722194698,4.497539954475127,QSO
305.7104345635149,-10.953033005925306,20.253162779595385,20.221685983791552,20.14709508347738,20.032073717842053,19.684442686770673,3.909982755812017,QSO
89.88048318930694,62.45439375727088,22.883770373312153,22.67842923010964,22.650435079073738,22.566262026300116,22.581792530258625,2.211825234954416,QSO
176.19298691153057,70.75623693517468,22.389209159767503,21.988454096636616,22.146581163694435,21.964838171460848,21.75583457569291,3.96189112508259,QSO
79.63539905505681,-78.75763314856714,22.11018337840823,21.81344157300406,21.75104419141826,21.709594935634698,21.60623401134228,3.352885344924382,QSO
355.5604828787929,69.02365733749093,23.613760330295992,23.143717297498704,22.994207470868865,23.17747266510451,22.88875713868768,3.4201451380146617,QSO
339.8613622871808,-9.302570033504011,22.784728895749392,22.5246396349629,22.22310875176858,22.262356308773388,22.280325929378943,4.296687047560034,QSO
14.193652092662123,1.8778480207618031,20.923122329963302,21.350244839275025,21.21476939736186,21.14358833369405,21.12747811588887,2.889807290018875,QSO
254.00706210564783,22.78665199677785,22.847263200649582,22.6856509590594,22.552147319470155,22.56359363018378,22.43139719243423,2.398491758644844,QSO
333.0893942696397,76.74886921141561,22.56142581490633,22.343063941188344,22.33678170206361,22.171710427101935,22.231261679549398,2.4414888924328713,QSO
65.00712424584007,-86.55910300264247,19.579592541301114,19.12043084705346,19.124542525577567,18.91377781423164,18.916089355631712,3.80078025038124,QSO
204.4602829989466,-4.168175702792922,19.603821701639127,19.334770914023675,19.167931645097664,19.161536622353992,19.12748643660183,3.2559369236502897,QSO
329.57578713169505,33.78996763750092,20.803204942471208,20.86333698934288,20.540709127501785,20.520492780382252,20.434103555523834,3.7488543226082465,QSO
12.220552290887582,40.087252385681126,21.239946840272882,21.085190902941353,20.984005462617183,20.82513177182266,20.974164369928044,3.8949508091640936,QSO
251.07129620886238,34.65583767667944,23.178642229693995,23.19479556378971,22.92668915662924,22.96828431121055,22.855461853667194,1.6842503746960031,QSO
107.04564265411828,-65.80167670653807,19.883622857970757,19.66272925517385,19.71452389659392,19.5421276713531,19.317796998933158,1.814000567489327,QSO
332.78263033555095,-36.10879409309738,18.86556983110836,19.07371631838849,19.051223047913407,18.882357379250514,18.818808297705772,4.073324796460245,QSO
349.58096825953237,-25.431205424937573,20.535318750298867,20.38416455392748,20.01650743314852,20.010828143951787,20.171377872489682,2.282434039220427,QSO
339.9359360808362,54.798697382310905,23.386202916194716,23.36525491666641,23.062691946540795,23.11190536437394,22.9101362991613,2.2909993604565586,QSO
170.71711799668697,-39.82322296538045,18.924448475981382,18.824642697980735,18.86343886194822,18.615050332929197,18.588424545319,1.4474882663771607,QSO
310.33535435615283,-52.07310650390343,23.111108282251628,22.81659406884236,22.765400158652685,22.568936641352938,22.565884467955254,2.114756920412324,QSO
304.03778347262534,82.3406434268573,21.71466235118023,21.435121325024298,21.35631829272182,21.151300020693654,21.02943456873257,4.150311066717905,QSO
114.87617036757203,-88.4046086795756,19.025744279053967,18.86281923446522,18.919280604419082,18.94857203341959,18.610417797882643,1.6761527280056396,QSO
298.4095706942438,89.60775402275607,21.16807363091645,20.99182848670826,20.956826065736387,20.789869054317375,20.881127457812415,3.2179090486155157,QSO
13.322748497577344,31.827833794331212,20.551875121731626,20.096347141839228,19.947178622798067,19.877877212392345,19.714118313960554,4.2305468996231586,QSO
214.65715625353909,59.12447390084108,22.6490272159528,22.75831562234752,22.755346526409728,22.580985904850316,22.514928567071024,3.1533493139879774,QSO
82.8031814235731,-36.968508657685234,23.48442439725002,23.10214619662639,23.000967102804058,22.815746299961727,22.639618832952088,2.2901883893655355,QSO
43.404078879820375,-87.4232500199292,19.259236862340018,19.035217455053587,19.109220390320935,18.883351297221044,18.80544438920481,3.999238721392599,QSO
27.703152586515294,42.81651334107542,21.5722378241633,21.203243450883704,20.817955607144214,20.790648018675924,20.664160611727095,1.184333024031599,QSO
250.6639593161303,60.146027460121644,22.26971449472939,21.929459028307928,21.815857970084128,21.583319681527477,21.56583621583099,3.4217427627404975,QSO
122.35498695650381,43.285703751633434,22.07501458794762,21.69636646471342,21.424487714773928,21.310945274686453,21.124340756206923,4.444270115192195,QSO
260.9160377503541,-64.28694828584905,22.546594237319688,22.47194429082703,22.28261092714302,22.2977207147874,22.22841944584799,1.5977535334041046,QSO
23.528282687619253,45.617026006254434,21.073031964876296,20.600360874578126,20.65214313277731,20.404236984067403,20.31306794384066,1.7201596950432,QSO
113.50452161901973,48.40610077937538,20.749826618621828,20.608363546291272,20.70201918640587,20.52011931197039,20.400460179758035,1.6185196024745072,QSO
194.2168652551214,28.537292820609878,23.29249947767211,23.202032303365176,23.23122974913811,23.05212241435935,22.822583185800106,2.877979791228383,QSO
284.6603393420269,47.90086790320552,22.42292882267964,22.105980905080724,22.014514517291357,21.68432349042309,21.90327892069041,3.1738100935908697,QSO
114.75090105554517,62.2658591419918,22.656861898336647,22.348229764575198,22.35544191787138,22.317825767489452,22.071518168263122,2.261782403936313,QSO
225.32089551732327,20.448740562742515,19.783160093092363,19.46184680994277,19.380487459544735,19.424316699485622,19.239133790728467,0.9914582747756743,QSO
318.9519893650274,-74.05115148545777,19.03870594973565,18.87251970554026,19.053713508027464,18.78445343587381,18.707338422934118,1.945346726789808,QSO
221.71074774562965,-2.2269942599020425,22.994507857621034,22.871245990792307,23.00391827697983,22.795414273859116,22.701824827929563,1.8747819407530917,QSO
83.86541091130816,-76.02311975911108,20.517205153214746,20.271364045210337,20.277726722669396,20.183056317733474,20.03526577407431,1.1702392847961733,QSO
8.784281360353688,-16.64225441416245,21.814643019228622,21.429272912840638,21.35995902791904,21.323414389363418,21.171595468955985,3.281454269207768,QSO
313.2355946043348,-16.72083195738702,23.30489027322857,23.315797524754185,23.149640861819254,23.142834292206352,22.92790814105464,2.120146145923258,QSO
7.65698790613937,-78.11822805475651,22.35751090644514,22.394519061899157,22.2798339843486,22.16862699559811,22.047994651981362,3.129788811881583,QSO
314.8926021663118,-27.212303885493725,23.11068288760419,23.14090132151891,23.230882299760392,23.075415771403893,23.1320414190446,3.968307508849633,QSO
190.4173682497963,-70.02034221756332,21.000202632995933,20.95116124636746,20.868914233873955,20.78427640823173,20.663208817903172,1.9021424266343354,QSO
338.06437146464265,55.48233780165998,21.850254552095052,21.225743037959912,21.052335635575847,21.12089021879008,20.98396927421011,4.114160946567606,QSO
287.5619648785195,80.58384467360474,22.077587687796203,22.08184877292952,21.757972370558814,21.775126922215875,21.684077282669598,2.5681460309163135,QSO
359.25627979200146,-76.98303445357105,20.677076298705664,20.77926169741761,20.661498484836375,20.563106627560607,20.403913184810374,4.423855900607119,QSO
126.25625356261565,81.92073731250625,20.291159170026717,20.12925240668164,20.000021420141714,19.994285063611134,19.725144119241502,2.892588004601431,QSO
276.1877840152057,4.063787880614129,19.275100244898223,19.037807930586162,19.091240114236722,18.90290309871967,18.764213991450422,2.592068738406862,QSO
144.6951288993272,-36.0781779683027,19.373895873295584,19.17280193117903,19.067765406476624,18.96826512977387,19.00833333117889,1.8080518321026773,QSO
172.75522330940717,-76.16482645029058,21.647797849648434,21.32285631303606,21.207801800703677,21.142233479456216,20.972703612247155,4.181114753843986,QSO
225.90196675861324,0.11236825267521056,23.479171352784245,23.10870742247622,23.122961041918586,22.972603700865097,22.717458451018263,2.4761545764066977,QSO
314.52376110708195,53.012798008334755,22.89628799806373,22.705645793802976,22.62036345035304,22.568283365073206,22.35115454035077,3.103597047281953,QSO
354.27004891174624,37.275565908005674,19.397874370840654,19.495403091080817,19.500652355703302,19.30640388711754,19.295848216560763,1.8176489580807136,QSO
276.57842899122653,-80.95931793648472,19.640134560681258,19.423532030889824,19.31900052656392,19.16846056489388,18.97967352450794,1.4483298817546264,QSO
150.39604158024017,-76.87766963377737,22.612450616139736,22.32413568052232,22.172931620984443,22.174741041885422,21.8550213424095,1.0961205081339656,QSO
151.68852081974526,-17.482809126125318,20.122707343313063,20.044197932630006,19.780586777930747,19.749934725930483,19.57570252503425,4.423218631197345,QSO
265.52962857200095,-36.84771107137021,23.533437304969862,23.194539549414973,22.992589516734306,22.88683063143068,22.867950780237912,3.109874482898098,QSO
85.95977247658884,-48.17082184991139,19.25591110456819,19.16388068496985,19.014189014101174,18.87166392596293,18.93760111089453,4.404697344430425,QSO
39.77068072730208,-39.41919019643155,21.025627554013063,20.61059757327472,20.84493109254567,20.57969132767524,20.281399015576252,2.0531145364910146,QSO
127.66397675067955,54.62689379343922,22.615296075518348,22.218710153634387,21.980920218876,22.027454341551536,21.925324349675915,1.5653118411311766,QSO
103.40603699546942,77.26104965373369,22.036139438680376,21.70601207206485,21.472659990178975,21.543406369511395,21.270307156067965,1.1534839682540776,QSO
106.67092336415644,-17.08151498503804,20.682389951225723,20.505815490027345,20.576225464389857,20.2755888943962,20.36256752193432,2.6865340083336906,QSO
84.09879037796757,73.09998038384947,22.814424444575227,22.34602304446425,22.33495177648288,22.296268302670143,22.157165414121692,3.734076510152292,QSO
15.153548269090278,-32.13077377538125,21.720553585500816,21.42399706746818,21.15660398163744,21.141444867842715,21.063685402795674,2.3357890773288563,QSO
6.434616504028972,-4.241342458117515,19.27550791813056,19.460358751551343,19.411395375272946,19.254507146497343,19.195734618311032,2.827121999357713,QSO
355.58006030497137,-49.31478039312005,19.198020795209555,19.05508925812552,18.76665480841112,18.719360792379927,18.694738986781033,2.8948881419742882,QSO
153.99832814491043,25.28568759165192,21.466755475694214,21.383525348723765,21.48438474458853,21.309517922551127,21.214939394068445,3.9415622371429206,QSO
138.3575929774854,86.2166007314656,21.680982525000942,21.52891229285724,21.50393045442489,21.419913619193398,21.173443976255193,1.769309587830515,QSO
244.67302176950514,18.628757287808156,23.7522630143461,23.14319700129173,23.184702373182624,23.04366480599896,22.96816082620854,1.8991980345485941,QSO
78.5713996314231,-25.59346485956121,20.915207544505538,20.71775983048125,20.542846091472555,20.592923299412348,20.414334900268734,3.767631469449971,QSO
341.98602622208114,26.607140278295105,22.38846450204706,22.27864424052196,22.348950389028303,22.32973855149398,21.941275984888186,4.403580159221052,QSO
283.0842051895987,-67.87427787623024,20.437223925947897,20.307663699313114,20.35638353764713,20.015260536598625,19.88000427036374,1.2201518122209274,QSO
32.187960832413424,69.95863444777174,19.323942510217343,19.435368699013488,19.15659983741558,19.045215603456885,19.03632307254381,3.9532751424108703,QSO
150.3290792825742,0.555111140370542,21.72453952885674,21.531047532051325,21.397732672208953,21.201809767573184,21.18619385421893,0.8551679773727893,QSO
316.4825907223793,-9.117046432864427,19.594880217277424,19.337931154724423,19.157157183763637,19.091514265272664,19.07837537290404,3.2915488427285737,QSO
340.1035280249077,15.45566192163345,21.64585516157038,21.41093385056316,21.352820517751702,21.198908058738912,21.26139583176555,1.6553507676083588,QSO
168.2645440499531,22.461095302092446,20.974723536540232,20.447849543663416,20.272645334518703,20.173995532736026,20.206018603481482,2.140484093770999,QSO
220.82810011585477,-77.08035487922766,20.610387885702004,20.449071100024174,20.31433488759887,20.439590983234794,20.11170654311953,4.09416348799051,QSO
60.13222059314708,32.871099820212436,21.364802814942347,21.20240509707845,21.16318893938359,21.154890642615552,21.080428514706252,3.071961345798485,QSO
356.82070540931153,-46.45229754320467,21.692312117332044,20.955570289886946,20.860825010417916,20.959839063822148,20.932718472457037,1.3979794247021005,QSO
83.40181249803962,38.51147385118617,20.27280850409949,20.0009591086868,20.10866772474412,19.887256704206806,19.847940376772268,3.6219388306820512,QSO
339.38343868864524,58.056262989155414,18.94242156844895,19.20780982039511,19.05460497505872,18.800007580807552,18.83348559897592,4.437899150618859,QSO
233.87279363725264,54.71253135945366,21.858559219542762,21.61259505565297,21.32537636188512,21.404784206697133,21.387853662214855,2.014902673099657,QSO
218.7852461563893,9.450174133420035,19.63807644171431,19.13097428340159,18.87098112604998,18.923937055664172,18.84866449347236,1.803693769987754,QSO
184.5678639659431,3.630580615935216,21.602132869234783,21.55342969072141,21.349303088519694,21.343548783230563,21.338016786676693,4.4705423529808,QSO
83.04113221839313,-64.28232695890588,19.430411686845808,19.240742321551537,19.164969278571533,19.06896906980651,19.032122864359383,2.7797728741830943,QSO
63.55009152198298,49.56230707256441,22.72866354432958,22.222627950197577,22.357336287678525,22.296686356444944,22.334869901427062,3.8467762989094867,QSO
79.37503526526312,-41.146311519591414,23.70811365437283,23.168742637191407,23.132747200416553,22.996122338494246,22.877119785707148,2.144010860680056,QSO
67.11777437193163,-0.5948238927696252,21.725195300980076,21.44763781590845,21.54545182095273,21.46418583307332,21.18194280831564,3.025443073260467,QSO
280.65041048403117,-38.830663273046994,21.968840919338135,21.578866589348124,21.588951935053835,21.56973901153848,21.598386844743235,1.882048205690365,QSO
126.04509330002284,-65.91089466005523,19.518876429758006,19.163008289854236,19.048757383812358,18.979347125941928,18.863252309173607,2.5382676800814146,QSO
20.823363562822692,23.32038544051258,20.149363096480414,20.052862597682147,19.78737817255817,19.770195091196985,19.710166662721555,2.981169921449074,QSO
348.8769468506921,-80.22023373187731,20.520588912379512,20.42497247134374,20.26856021854305,20.15348478021221,19.872115858185914,4.347155419473495,QSO
318.16291858683326,44.75614214271599,19.930713972021053,19.724422249175873,19.38668300320929,19.483384137344764,19.388928424477573,1.5975101548868178,QSO
333.99082195027665,-32.834376852999,20.659807287195513,20.681932518292633,20.624311756859935,20.3828089013839,20.42702662937799,3.723274269764117,QSO
358.1668161527167,-89.97575525919264,22.617563963841516,22.203814381786298,22.216945527940386,22.154851618249516,22.1727660116583,1.3555684834803383,QSO
62.602289719015424,2.0032450627013674,21.96928506107091,21.65330249155682,21.566146135994977,21.535170433244538,21.674997010474094,3.804523184196178,QSO
142.64712680495714,-81.56665646503144,19.81305288519692,19.392480382579105,19.36682474543375,19.351586504597325,19.244466034899663,1.5828193840104188,QSO
272.96585125347286,-40.289479592238095,22.251404251807926,22.39772145751449,22.382592432580864,22.37203805110248,22.130159714474342,2.0481192650826348,QSO
250.5674224993652,37.25576774202891,21.875129371412218,21.594875161636985,21.571541261170278,21.425276110006983,21.21487456033341,3.911289213832495,QSO
55.40252628234782,-78.71586810806414,19.04816623126292,18.861327995837488,18.82109600550725,18.86407405381315,18.700544390837425,3.5784350560118723,QSO
293.69992499662237,61.08092862408043,19.333827120889342,19.26921198702323,18.963976495406744,18.938396953518303,18.79046779008385,2.611375353042141,QSO
80.79860586119784,-89.31241392145505,21.60501120437376,20.917876695250605,20.692241866193225,20.697760022412258,20.54646637853779,1.7649911806132725,QSO
80.57434133614431,-45.5717035436576,22.106915740444958,21.918949101323026,21.78289041097859,21.68430027711536,21.69259036889964,1.3781669573020157,QSO
193.3107922416289,43.36273010737287,21.073885322829216,21.28562756582283,21.04283178554062,20.81207081948265,20.988013213554943,1.794549255817817,QSO
213.45837654301315,-33.07137304872478,23.440468909493998,23.329806129895953,23.308303880501718,23.12385525516037,23.011085976676686,2.407354511037819,QSO
208.83103482161204,-71.65937014811756,19.667564402633587,19.674408336323733,19.347000940068764,19.264537385725614,19.30272696769001,2.99634525638192,QSO
32.93526146319175,-25.157894615922984,19.88527522075383,20.042970076402984,19.901258448842984,19.85204321757868,19.6018037676994,1.7044731779496498,QSO
315.88591054693694,-41.3292084507854,22.64081407022318,22.623372213214342,22.464554272016592,22.312160546527082,22.216285269358426,0.8225238646096831,QSO
95.61601533193418,61.68814238889988,21.431429120018564,21.048251236319565,20.939536695174997,20.9581993037946,20.743166252864693,2.5337452761880144,QSO
46.6253716618095,-33.597374834674234,20.803831347753047,20.628042923939727,20.568695224405413,20.45413453447574,20.510210686673943,1.7057931572248934,QSO
319.94930875283177,52.007844919681304,20.01062728171667,19.669328254303853,19.804615814684464,19.643668985589745,19.362687747085936,2.0221507199683324,QSO
344.0345393627112,70.53698606593224,22.269548826663886,21.750298747914638,21.71798235781867,21.55359899991093,21.488786556048243,1.1267570685087378,QSO
310.3659422155622,-11.912864476224684,22.655600143301193,22.586040296382592,22.44212310049696,22.323783339722166,22.18730773075245,1.0373004332783182,QSO
291.4257869009561,73.78976589379056,19.756621981420285,19.87738490409116,19.76376306395886,19.568865244133622,19.408097617300516,1.2966821506468513,QSO
235.88711303004783,-22.082750286625284,19.64499772378757,19.158449881390844,19.065534299588155,18.96898866513813,18.713528466424023,4.4351858089260965,QSO
198.30865341929015,83.53411496821948,22.29417688367552,21.75397177357772,21.760084927186462,21.71099618314629,21.502459170073966,2.4007771782349328,QSO
31.31523356810765,-73.92788558539687,21.09869510898402,20.931392715617665,20.75991626014956,20.71723310712096,20.649412754661515,2.29487438059241,QSO
147.04315670545154,33.663467970583696,19.271548487954266,18.854902896851982,18.775450500461485,18.63170817932143,18.52096639134589,3.217104793581152,QSO
134.16786612443303,-1.1134727177528418,19.072174540156958,18.996537952414542,19.086324543096897,18.913349292967535,18.645929238000523,1.1302240810553608,QSO
93.51136215371743,-20.223215017983534,19.527011042357255,19.21681566364691,19.045762895320234,18.897438620478027,18.771925044990017,1.173288567791678,QSO
260.4312409278906,23.888138174748164,21.94451049845705,21.663146891368186,21.421641872717238,21.416168697476454,21.18391133769241,3.2509909016590015,QSO
178.5152646283575,36.69427649417962,21.616178525180192,21.75536468053624,21.485661287555185,21.42801771345219,21.290110604683633,2.9682605966696975,QSO
29.176637726753256,-89.21461146294436,22.664722871884912,22.190164268632216,22.18521309212309,22.16879700604388,22.076103388559442,1.0202469284257432,QSO
79.26595270193208,-59.94844402550423,21.796568035282146,21.41089273995643,21.320550142429006,21.23612665799093,21.020000850619816,2.0760899444407785,QSO
245.97315491745454,38.34828911417736,18.708632034080185,19.04032684396637,18.870197642360242,18.778301875464848,18.605526734726165,1.7752199183988238,QSO
27.407109416508067,29.949374444077165,20.055624006452394,19.801206935920526,19.66694687023787,19.436165910132882,19.59611101835515,2.375317975242129,QSO
306.43448905755673,83.88855092316189,19.68830392207371,18.932968287832313,18.90244557915575,18.974301139720403,18.59109277316794,2.2371807185430708,QSO
178.25274972503075,46.98680224514095,22.284340524807792,22.712648181234496,22.31025764306053,22.267560681395178,22.247102297922673,0.9294352067398325,QSO
173.0111678375933,81.13908739164086,20.26910629636403,19.949310637980098,19.82292379865359,19.793309585476287,19.812489188146568,3.980682469091966,QSO
213.26680247742632,36.457290276265255,23.385426216542754,22.969617636997082,22.853522666941746,22.7774413596113,22.605490190091512,4.1842608974678726,QSO
296.8851477330537,-36.35060244490023,21.573738551527047,21.55998323052008,21.430039717239502,21.212625372733402,21.158200325274795,3.7994633618889964,QSO
125.2113148447895,-71.03431399484583,20.67344705703561,20.595611390900654,20.672529037190817,20.542543780795487,20.428701048734133,4.47012848774001,QSO
244.08581492126288,50.728295402088406,20.319746001354254,20.32308633087915,20.305821686393713,20.07542513332602,20.035277254564523,1.4654244532915026,QSO
203.6635070384848,25.946859865664862,20.433373937049,19.902870301344656,19.95201701140633,19.944802268248285,19.695657379690825,0.8290262085903058,QSO
96.13017726099167,-81.32651776920667,21.293212661820565,21.310307932951762,21.257919155507444,21.10688440850551,20.856943732769103,2.0823385551403835,QSO
316.30679508785687,-25.190916137823905,23.16013146139435,22.48412569041397,22.551341469732755,22.375559864781742,22.176581843756388,0.9911500505672619,QSO
287.0733677784941,82.22396678717152,20.351359113600566,20.41762956266432,20.278708872403318,20.183254255542916,20.098637976670126,3.566773561606773,QSO
237.04266047703317,0.07220622783621877,20.6053359165601,20.59934387774552,20.370905010005277,20.405898211709278,20.354021791668433,1.4398132412208664,QSO
306.2094224739271,-12.108755516453158,22.44975047315235,21.722346702589967,21.781277875713915,21.811330389522126,21.631571869694383,3.07577135806849,QSO
312.22591234552885,-7.614071071327089,19.845811585055852,19.474907404976086,19.28816413771243,19.347773390403578,19.096618997380514,3.4700296532173898,QSO
255.01067161741253,-52.40110967907053,19.60533395343779,19.450911844932396,19.317623069865206,19.347027910047117,19.041479977842933,1.4201727477425288,QSO
301.3247982109219,-23.632709244336866,21.88554574011285,21.675285157914463,21.689527007674304,21.647895766467563,21.578295277733478,1.016194666161928,QSO
251.08972620094212,-23.43361392230821,21.576347979713233,21.377829171057616,21.242164192929604,21.21994892888969,20.919799213660884,2.0106400815440377,QSO
244.85067783370815,-80.57609636625497,21.688834231872065,21.574290862692628,21.46970621182267,21.30309304329302,21.309514554936687,2.9779815779494285,QSO
222.70009615746636,48.16217313322528,23.3142128851139,23.07348772481778,22.823441587177843,22.96603980989258,22.6197505856471,3.575056163146172,QSO
270.97799024075084,-15.02920225730179,19.74776369932151,19.56121956259255,19.483958526737048,19.37385286399217,19.26747944976756,1.0013174726756584,QSO
57.09783790550653,57.99237962695619,21.874297188419384,21.8622414538649,21.63147450769229,21.585640497099373,21.366007130753957,3.096069023050295,QSO
317.11347331161426,63.06264020158116,20.800475153485806,20.826959126683185,20.637049878378676,20.661501376539565,20.466441764054693,4.260426163259032,QSO
313.8636699882835,-51.84107015424155,20.617946664335623,20.057757775739,19.95196397025847,19.97827572657019,19.78710441988492,2.3517424004830407,QSO
10.529021892441293,28.323626790623138,19.350256363957488,19.607055512923974,19.508474165399846,19.56265234466802,19.281474111779076,4.119945886901431,QSO
297.29403020331455,-4.989275250663297,19.668408738534293,19.250194437889622,19.31029279756185,19.239519556080815,18.975257692528952,1.4451198183082252,QSO
46.39315229044027,68.42821282586732,22.375284198257734,22.351828413034127,22.30534479170184,22.325032363928788,22.039904070077284,2.409441462930713,QSO
120.64278753329108,-51.16667774823826,21.543927908692883,21.280846416246963,21.171658618231014,21.166900743001033,20.992793270417963,3.0076527556501818,QSO
267.6629722649788,32.00637605580796,19.88810081086034,19.929368687146578,20.05299717233345,19.90307335687188,19.776063024656406,4.357295855818347,QSO
57.873562577390956,19.395382005490063,20.6858507020442,20.72557700616526,20.530187673238984,20.534439478845716,20.48599557538532,1.5240845954212467,QSO
294.4681286828624,-36.8457340370701,22.47372590381942,22.234318725824902,22.121498666206968,22.016261580286,21.86047261481177,1.4420866026638692,QSO
299.56830406478707,-65.41183734278893,20.341041523188075,20.409800789498917,20.429949227455484,20.298597734837447,20.054212135128267,1.8016742053251384,QSO
182.68838415390104,27.295156885909776,22.761801435057585,22.50122708642077,22.723613989446807,22.429646999281424,22.22664581573376,1.8304204124223307,QSO
2.2989138180600888,42.94754246381953,22.935938454357196,23.053570961420387,23.022932916251722,22.82560125874085,22.5382142206184,1.5691869101884892,QSO
103.33372794296861,-33.187078122597,22.669846189447064,22.34355570719528,22.482090371349816,22.148804723421833,21.989273770695778,4.351420678932519,QSO
222.0936906152672,26.069868724016487,21.446891464968317,20.893597943795683,20.987546198755137,21.032635762836552,20.873073665760423,3.2612551828799488,QSO
353.22702408987243,-18.876436629929415,21.96007273101219,21.97757085251119,21.977588388258365,21.967211479870116,21.601792993788933,3.265329695574682,QSO
227.4528697260006,38.37723899087118,21.589917599814523,21.183873403218985,21.17842474839073,21.168902349951605,20.857735042463002,1.1106211475492003,QSO
93.52928918309753,-54.14125051907044,20.522022463577773,20.35219729188352,20.219984424711402,20.17950981940146,20.142138754461524,2.715297929365139,QSO
228.24205311586007,70.23870047451138,19.74252866051904,19.57349535560889,19.451916220688567,19.274700855291528,19.39862884180699,3.8085450086992516,QSO
194.39473669770797,-38.26627263619565,22.91454521643679,22.351497903592378,22.31592924493858,21.942941362777802,22.038006759317074,3.068367546566046,QSO
280.7443422544117,-23.798522203892475,19.47037052071365,19.053748425300636,18.923005620585375,18.739583325299794,18.740917356457192,2.125960239629874,QSO
38.513029977705024,-79.54344862553704,21.116870455937338,21.00983893167634,20.70922895528326,20.564689029467928,20.62151439707564,3.8246794598335194,QSO
273.9700449007301,-69.92780178217025,21.651015219259808,21.074290888695852,21.13854254539741,21.139765828641913,20.801877907049583,3.2916569609134214,QSO
194.8559683233997,2.855142488219059,18.885294059120877,18.800848870581145,18.853802464370563,18.70531983456043,18.38899174444738,1.598924723474143,QSO
346.6771213892381,-41.83331818896513,22.95766573735984,22.69641890144576,22.707981568811004,22.66415757351443,22.415924274356627,3.4147692072673044,QSO
123.073979773927,60.38644063359499,23.043182138950165,23.149361912985874,23.140176283425724,22.94599091746855,22.729918449021532,3.503095200603598,QSO
227.74388152822132,-87.3551900421083,21.81351297950261,21.448930783482265,21.48408342611886,21.421632979946448,21.228538538755252,2.6925010460726844,QSO
335.53011798360626,-21.763071239051484,19.536344987068027,19.196838332379908,19.168938924665753,19.01852900660618,18.900021370805817,0.8912274061155038,QSO
36.90350207664453,-29.277801581563317,22.92854440031629,22.892594349822403,22.768300848254363,22.619475027864837,22.60506655080492,4.01018980489979,QSO
337.4022554051224,-86.52102643483181,20.721849176541127,20.475452339473524,20.24634659758122,20.356046428123005,20.225753701667912,1.4698863337469459,QSO
247.6388600282928,-67.61368817990817,23.515898132692264,23.155582186126235,22.828513719197794,23.002941377740502,22.821610658771956,4.007432256356962,QSO
24.421341277861885,-15.544318514645653,23.360459620014463,23.14385418842567,23.14471795265987,22.846117888891015,22.737775484624358,1.7426075422394278,QSO
108.34688410085386,-1.2843747994596129,20.161899622922533,19.98702939501243,20.10633833448687,20.131230394820438,20.077363301821496,3.8624138066531,QSO
254.94195191230136,-17.227845494123557,20.75414446621452,20.7678527874437,20.63537934475049,20.504079324715516,20.54244823551724,3.185452299914549,QSO
24.246216528757813,5.568782114176884,19.865805917126252,19.601156344290064,19.559837521216416,19.399518132216354,19.243366389627983,2.970992747758136,QSO
209.58136566345837,17.12370148302267,20.254079392354612,20.12240005590814,19.88304796804249,19.764016232828723,19.673601964891077,4.4035616241863815,QSO
124.51790050306442,-88.21371219698959,20.950502363675607,20.576313076508704,20.393927388103393,20.237104827885524,20.03471156628763,3.990807422739814,QSO
223.52958639629176,-6.462871298369308,20.150710492706093,19.677518284876278,19.519710714451655,19.506870833657747,19.360322240432094,3.218174684517214,QSO
16.467132172504627,83.4298633597659,22.769588953476795,22.584587447072725,22.472189647654588,22.27442602044615,22.177086939822146,0.8151753665916183,QSO
313.7532502148555,3.425810423318765,20.69131752842991,20.217270893768575,20.210870158035156,20.05919973570784,19.99743612646129,1.1933315388579202,QSO
350.4560289038629,31.957608142611576,23.04928681575574,22.839717300739842,22.666071522396486,22.665498236388775,22.484451060431702,3.6647641032000697,QSO
348.79602790284895,-33.86450557496102,22.07928930266745,21.875503661040383,22.032094016378924,21.765793818475153,21.646499732549483,2.7448348036013677,QSO
269.8746594274529,49.31844806749726,19.80693761177989,19.056661619874813,18.946076660696377,19.03210840382987,18.96756147906263,1.5622643958780915,QSO
46.83104644702751,49.125866737700704,21.957275554736057,21.65225413554344,21.656657747373487,21.687386661631322,21.50280917878202,1.5491706873231061,QSO
272.9747505344481,3.8332885777450088,22.091648484003173,21.688952542556606,21.848588056073602,21.526213282687717,21.42751940558695,1.139061359150193,QSO
8.851289925168544,85.68248819025845,19.21061228386717,19.313809044435732,19.20873074430914,19.226286698974228,19.082868904343936,3.619288055009468,QSO
7.964478550439011,-67.4009613427224,19.93396110102342,19.910828931605174,19.892140999387376,19.692113325205632,19.789130120529055,1.1665088065991556,QSO
116.49967889383485,-86.94942031987541,20.890455194847085,20.221633666810078,20.090002841596522,20.055531062932992,19.802352179807198,3.363391057241672,QSO
175.91154854567966,48.62847811627728,20.99411086027307,21.07767462792715,21.0589347834102,21.037890796559253,20.983577580497684,2.3510400269017175,QSO
277.34667041080553,55.28799672567885,20.499839595015544,20.047821005703568,20.03263678576739,19.93931510337608,19.70092998516832,3.9418055537961516,QSO
245.98633557834188,-68.36269875829628,19.93472432708068,19.840367160459586,19.89614167956504,19.819592855080124,19.344254384736054,1.4878363327581878,QSO
160.5249742956294,-42.195090067450906,19.044378726077863,19.113302488799036,18.759906961104775,18.62307841639394,18.652868029523134,4.190932890064409,QSO
98.50559986139972,-86.8405745940068,21.784314745573052,21.64672668061295,21.560506099774837,21.49562034582538,21.283203576362517,4.228052290463619,QSO
358.96482005677603,-37.204450059498356,19.0531893044685,18.752220879273267,18.81399703755869,18.821211951234496,18.69129156762669,2.1333990497593076,QSO
153.42526880495026,49.165537305360886,20.892575245935255,20.813437178217164,20.58274752640798,20.405465592621102,20.362108675722304,1.8007356907810828,QSO
162.49932875868316,3.2328949882642064,19.27509332486031,19.134105280729727,18.889325949827207,18.8942529450813,18.804265766892065,3.2946752780243367,QSO
58.9045756290009,-27.342793229708143,20.5713752982555,20.19168443946565,20.353219252035093,20.102306697805666,19.81800842960898,1.8858707362283533,QSO
286.1314375499746,-23.08692691686055,19.810363170643036,19.707097899008033,19.631025298921063,19.528016223542487,19.44186791762615,1.4897312345154092,QSO
249.7256012813359,-89.75634737121574,22.59666710698822,22.037948650930264,22.109676509253465,22.091928707002307,21.84273134592344,2.009235133131409,QSO
79.47706060395375,-36.03590503825754,19.814726353641742,19.73280113316556,19.535911862994784,19.40951682505161,19.08223582472244,3.356406109263422,QSO
29.65717642170337,26.362573494827487,20.97819556737455,20.749588714434122,20.609673587065405,20.446990015635034,20.42928333379536,4.340487237741975,QSO
244.97974874689672,85.35499988694428,22.649736191320624,22.595233550581217,22.59695704293492,22.571152159367784,22.298811707982278,1.2227192770548085,QSO
235.62403714120867,62.47094885710192,21.299772442419542,21.40169638434364,21.17472106296277,20.999433106302277,20.990420883853215,3.8908407104619025,QSO
98.37342971935536,-85.75290636380475,21.477142823654976,21.637239357958393,21.64368362881127,21.21599519955526,21.283763392464213,2.5004719217539426,QSO
342.3108824101477,71.74090884147108,19.83981939856272,19.86749515317772,19.534728436048884,19.4332361872575,19.44002651554928,2.895645666335061,QSO
54.380841041124086,50.97571439375267,22.056343153032604,21.94975780892012,21.617502386023016,21.825724526445043,21.50126160890791,0.9871295944923384,QSO
155.6405283753367,50.46770224277648,21.015000710949742,20.899634136357882,20.928110305771245,20.66225922960007,20.69557074434412,3.5523015392862334,QSO
339.7017312603356,-7.560763379357127,23.065237171427057,22.564144987747454,22.426795826581095,22.537026971488338,22.308787460372592,0.9640833892283244,QSO
151.10183409340402,-18.3590472681895,20.522373493705235,20.372226504341654,20.204884831842932,19.801315818513352,19.857041002600155,2.6563010414524917,QSO
229.86934115907079,-35.47516881002533,22.786002345091998,22.91596623594924,22.723821091151084,22.572201320321227,22.46852297561571,2.211332003790753,QSO
143.13398326660595,-78.17492538821416,20.307892732813286,20.29918107613368,20.215369090792496,20.234278792317248,20.13823750838049,2.562987869064501,QSO
98.71747284552121,-48.91763457113416,22.915885685125104,22.559203384045176,22.71419712982788,22.50973651601777,22.35251682307392,4.388724622193991,QSO
354.23195326553815,-45.61134570395557,21.81461887282937,21.667861583050595,21.594989501749478,21.39691623178297,21.19162754371651,1.9418484220511156,QSO
147.36024227341548,-2.8661274521637097,21.317975172071925,21.579638125045634,21.340755254045998,21.242044049965052,21.161283849599272,4.08926906265843,QSO
321.8757133244884,44.53999318740492,19.28611697280995,18.91843137157106,18.89793594478529,18.845233016634374,18.626264363324125,2.540599316353993,QSO
82.78365812079103,-4.714230888369613,20.485122384939228,20.12672960530284,19.79351821693304,19.79070547400527,19.712761410311014,3.90933756992568,QSO
76.71769344903,-79.5879990995111,19.385650742431707,19.33925655539902,19.29192038970101,19.10963357696678,19.123437794245252,3.74857279324773,QSO
11.20826983842409,82.4021641778767,20.63777397237211,20.2851340729274,20.327699248728127,20.101386528432826,20.027620448411536,4.2597834791277345,QSO
234.60005713531862,79.6903774369402,19.826825501244574,20.155316690450253,20.001316797449874,19.932374348203396,19.85976396766348,2.411744040679574,QSO
132.669483740554,51.33411776671352,20.780534932636442,20.535054758470796,20.41774886076822,20.238608870196884,20.275537085044178,4.08673866551951,QSO
311.1689699422693,88.43902228155972,20.9861217657549,20.571947708622066,20.48856170201235,20.295440696951168,20.333338490746748,1.436290486821109,QSO
170.35556640896058,8.006819904047333,20.936694940620377,20.644525929773767,20.504312023096997,20.553989245799325,20.515113057643063,2.950152879737506,QSO
348.5496340492998,83.29830304557709,21.292464906823138,21.24420352561089,20.990037893955904,20.96876623989435,20.736811370237046,2.0352156380705275,QSO
66.78918565312361,-76.39109268898486,21.234267088266837,20.85212638051237,20.964077371014476,20.75346261578595,20.697537491101453,0.8299734840950931,QSO
312.7043404640199,-24.17746531295316,21.800314544312062,21.557049596292586,21.476451809556874,21.39484010639001,21.165540243892007,2.419111651889036,QSO
279.57486700502704,-49.43137175878215,23.005041398211436,22.600124952102068,22.49307627509214,22.59316632334872,22.307201911144368,2.1907706327439933,QSO
277.5318640718587,-54.7500448558314,23.126069247879933,22.898320289002946,22.797171299335997,22.833988919843243,22.575503011020512,1.0071270539882398,QSO
304.12196212207954,-64.6554691993183,19.637074573287336,19.35362911771707,19.30478180812726,19.095774412521678,19.15258514202093,2.992836997176153,QSO
273.9686367394796,22.034455481879405,20.904449334679494,21.270178075480153,20.917175321827973,20.845108769809972,20.666855658511547,1.7004679396035915,QSO
225.43931578730954,50.6379340345149,19.267551371534697,19.399607801412447,19.3710186977402,19.196586088267942,19.10214180646764,1.8435567127217831,QSO
47.24815596565953,14.093711895664924,21.132313599032017,21.115119600572804,21.134956590819606,20.91508128988131,20.895839744986322,3.759804079764063,QSO
11.70942461685069,-63.54671227412226,22.48049991713707,22.524085362159678,22.302152892679917,22.33517825337838,22.287012377670884,3.3105952035931905,QSO
331.5052252136473,56.00227858802475,21.845182269815037,21.437960286637495,21.29866332650611,21.162047906027396,21.257048823319693,1.6008394086231847,QSO
221.9941132274657,24.47184728947113,22.646502402124064,22.28909337963326,22.281157268722424,22.188950024919794,22.132361529548657,2.704639284079139,QSO
286.7534247514235,-20.13017289714081,19.522982298249502,18.920144866424785,18.81808882002199,18.987114135267976,18.64107838157527,2.486765577169181,QSO
173.348046544518,31.34345319649134,23.213632457365264,23.082318062843395,22.995438582569218,23.09114397868731,22.967709346335475,3.688656584114133,QSO
42.23094802646201,-43.217103736290085,20.517201933939326,20.214148902145798,20.043470877742774,20.052209824936604,19.885495835914526,3.6368331953566546,QSO
45.06688519291816,-27.86540247104211,20.25328450229694,20.052422715419834,19.96826489816791,19.991431538689195,19.814763470502463,4.0529841957826624,QSO
246.8035034024297,75.14745176375823,21.318765619779313,20.643240925227573,20.745723557038186,20.543204335167005,20.517346163635192,1.3474325334636916,QSO
154.91012216380656,-37.70918897914433,20.700349452300518,20.394096019751856,20.459931994645917,20.424481468011646,19.995648990629988,4.087792230106181,QSO
72.18890161212121,-5.402111731571409,20.460796508391883,20.1559485982815,20.12909410814697,20.091489279466604,19.93659804953402,0.9241689720948293,QSO
176.97403682691728,70.22540473128262,21.163694147691285,21.0549470368721,20.83509080672771,20.692852695096416,20.896254077817314,2.3093608729008963,QSO
23.115217347048272,37.389843048154944,21.488553628320563,21.162757547774422,20.974178703345597,20.888135477638688,20.953578892119847,3.34665328036163,QSO
209.50970468918356,-78.8034192903535,21.114753763489816,21.325471024380334,20.978026731250896,21.068126184290644,20.887577186415875,3.0675626636644466,QSO
96.83762559663516,-63.485452029785336,22.29747377108352,22.25732323490174,21.894095725172427,21.988567173539764,21.942453415684238,4.396581169670143,QSO
287.1212762293877,-88.58851366105498,20.899262167679588,20.29917194189695,20.290446105828785,20.276309443672652,19.983981272847576,3.344760231518282,QSO
111.73030521248656,23.56592224124941,21.089692278257637,21.023927926361164,20.86588528921683,20.69594993789186,20.60506022692725,0.8960557679095076,QSO
163.87925366944842,-9.418783426124705,19.438308053061625,18.999832754720682,19.180692987643333,18.99546459756896,19.00312671990018,1.9663829250837783,QSO
4.183394366916229,-65.83052683759041,23.274997604965492,23.055578973088302,23.053583087333845,22.840500238777754,22.76430443011967,4.440229914535919,QSO
26.080879606041197,82.42814179021869,20.05693498078547,20.104608592500977,20.125657745474545,19.943618617811797,19.701211730354572,1.1169575179737998,QSO
141.29768030640653,5.33875031021158,23.0661376215502,22.986753745990775,23.04087377221932,22.931026529715226,22.415477803447743,1.2070785990684636,QSO
172.77798049816445,-46.45920705967995,21.503007791271138,21.280237430433573,21.32576481405834,21.151992387073122,20.96932666609678,1.2515989382008692,QSO
216.00739732294934,0.10864280784736025,19.908392930373914,19.509028825113216,19.49842146675362,19.534833606721193,19.344745242040897,3.568007892291762,QSO
104.99852833534916,32.33165989231941,19.827505643341222,19.745706767360236,19.738359564220175,19.54734054822193,19.38449080462658,1.9770903659339163,QSO
250.1934790055553,-76.2769407647584,23.441399738534102,23.192787302954184,22.97573751975077,22.932289577039132,22.765493892305106,1.0992180595787924,QSO
309.64406298811366,-40.55331329137944,22.082429772128222,21.684942590212096,21.67719381332225,21.648675663526152,21.54583000043455,1.587793956735931,QSO
280.74635600160593,55.25378835911886,19.165917438721632,19.07073498991536,18.9992811025923,18.90679428515084,18.672853309165703,3.835276555675863,QSO
14.262777125408572,-7.260323327520979,19.985772021139173,19.59618757949152,19.525926108288072,19.372948510040388,19.324937604983404,4.4175769939287814,QSO
172.98250101281843,8.383885565813088,22.383415416563956,22.355580623649733,22.374242424932135,22.19931295637974,22.086769769029495,3.8125803240166114,QSO
37.77486423054295,-12.09311960229553,22.193166835801627,22.283941570361645,22.174257598747477,22.045900503919558,22.02205525099067,2.9044456793346463,QSO
87.13620571050988,-82.09801032425908,22.363624431349866,22.268446152789995,22.316067057066928,22.080880554803592,22.078073365936305,3.365675615460212,QSO
355.19853357617274,-60.16503963237193,20.059510047970534,19.999295634960223,19.720166651992592,19.767134073238978,19.66214459574897,3.9529163862615606,QSO
51.29839544454476,-9.802505026459642,23.509464914209044,23.158651667602904,23.156120365077793,22.93184060321488,22.814764033988922,1.8044044531776664,QSO
179.59973524248818,-52.34661622657299,20.11750629173465,20.134304431795293,19.990936521760098,19.938919925386763,19.691539591808056,1.7407338896738125,QSO
222.53606435452286,-81.00377484125782,20.599347192401584,19.94892491248531,19.860183739634763,19.759296804795145,19.82077597739633,1.6937084070491184,QSO
252.88738939587742,61.85693952932826,20.884399982858803,20.76908643496566,20.848328667393364,20.840040970928975,20.627289790601278,4.473742916327279,QSO
201.47352605528908,86.61465524954085,20.859563725690233,20.59105832583569,20.46928544750767,20.48160778016694,20.220807040400455,2.6947842652160574,QSO
3.5175050709061173,52.76571731941311,20.33190233158177,20.030049643625244,19.861191535150642,19.887651149607986,19.681876144919524,2.4880881629973413,QSO
117.52607096783709,63.68128590684006,21.439802554893323,21.194420573986832,21.06768174609499,20.947811990499147,20.897013666534264,2.310587063527776,QSO
186.3761916184961,-46.44411654293183,20.60600080110699,20.088530826149338,20.005779158003737,20.020982460016388,19.952496268054936,3.2779751289752577,QSO
31.63193969214001,82.91285559237596,22.731599555132355,22.25319034820987,22.413056229614078,22.177590567823643,22.197670778193643,4.06418592372406,QSO
126.22569523530507,-54.55337319838289,20.53444373959359,20.612469587145124,20.449359552053945,20.514462209692546,20.19253570366778,4.318821821569843,QSO
11.953119164891962,81.2573658651298,21.604375496977884,20.93940187171124,20.863121330693023,20.749662140317774,20.709084446877267,0.8497429627386401,QSO
28.288258975807466,89.0674729138712,20.038400280115162,19.83014596438242,19.681298448594056,19.481024694543567,19.502151728778532,4.244805806226982,QSO
142.8923794325746,38.11010503428878,21.64873450767969,21.451273595701497,21.15989377050028,21.044616812881564,21.03297736240909,3.901151911892521,QSO
47.777671455501725,86.60587172252795,21.557316231217264,21.189818681664068,21.004715609451832,20.965879687927913,20.777330168556425,1.3150274696424769,QSO
204.31470537416092,12.517160322078666,21.597354010520544,21.510954252001966,21.37235708872229,21.2606526764501,21.139733304108912,2.453286652923736,QSO
248.20738888941565,-43.28247902830374,19.81103368618576,19.597326054609738,19.389112196583977,19.23892400290001,19.391947750937543,4.108643758138914,QSO
288.2112116792698,-11.340740580188239,19.32605245665668,19.13688267941049,19.0603348971583,18.837311395295917,18.775535171928446,3.9880406431085254,QSO
72.05408792813164,16.84096836818148,19.979109353738156,19.429430293172942,19.357027409198366,19.224736779633943,19.10421041018605,4.195242806410327,QSO
60.293729613265114,-76.8453188351373,19.572589869848624,18.9038254437772,19.014932493792028,18.9695264107906,19.02117270925423,2.0976584849807285,QSO
37.64442252038409,22.021787631104303,20.003182560334317,20.10039817119096,19.9402504685743,19.71481677783095,19.740183391272,2.817372157804625,QSO
229.11488983570922,86.612010617213,22.476995550764173,22.266558184596658,22.17724419028347,21.942715847726294,21.92089157242708,3.9180607570960335,QSO
254.33126153528443,-55.78062303892903,20.127326908049874,19.899878788339503,19.834480660951225,19.66246432021282,19.701109190629243,2.136598337951739,QSO
11.371012137231133,52.66712093190898,23.040557804715856,22.664384045041356,22.376883772980463,22.474958495808718,22.36152260166667,1.1310700170349444,QSO
337.0364086477283,73.42178288033148,21.95448083260566,21.88101321042932,21.62858878834888,21.517908618718412,21.508334673483464,3.0067170983631915,QSO
18.70966211453007,79.86628670763974,21.211153266857302,21.088316370170286,20.89320261268953,20.922777668521956,20.78400666449828,1.8209134463519816,QSO
194.86668070838536,82.8244087929805,20.510366863273607,20.42003192932585,20.167210115796113,20.282838406974285,19.95187594846144,0.8578950763856441,QSO
255.2617870023299,3.8627349698649454,19.25401199189602,19.001532848610292,18.992301874572764,18.8918075501677,18.834167275619635,3.642950472962622,QSO
313.5488845485908,85.91542343847067,19.994476635871244,20.16558759483864,19.799773832376133,19.92991080156583,19.69648593704143,1.0723875676746222,QSO
257.071295567674,46.315837284199006,19.73526906648452,19.630900883094146,19.678224854437552,19.370217849090913,19.213244306685564,3.9346751040215375,QSO
288.62210990512506,-60.89914147734686,21.303795487098252,20.978448331156972,21.010597102477465,20.81503320955957,20.76664323259848,2.5526571894755916,QSO
122.20206931541018,-4.1579808357654,22.608475389098743,22.13818228478986,22.11774525827536,21.883969408228996,21.849110145065737,4.2460259586639,QSO
293.3370409487444,39.29961156696072,19.44580109720726,19.579483409304363,19.496512017854958,19.229031993432333,19.08010433073878,2.8830315667064834,QSO
28.841344698483052,-45.478743152565,19.721846469514524,19.58743210631338,19.67267082984276,19.41859184832451,19.40096869748207,2.2477243650056984,QSO
322.13399618178994,25.310733038799725,20.901197711806873,20.73935769969352,20.726934335493297,20.51580449665759,20.453014512142364,3.519928551909465,QSO
197.13325541534505,29.988086228391467,20.507350040616515,20.03722930240969,20.05048185154676,19.76553572158627,19.879240346316006,1.2088549995424531,QSO
294.22719718649773,-60.71404611445814,22.61802636177148,22.409796965236488,22.46472107548685,22.19077148171824,22.266751237004325,1.9968291385028376,QSO
162.83458242658804,11.715356241496124,20.5938467794619,20.364621061434477,20.398419343273204,20.079092087176154,20.219381636302433,3.4981713850329355,QSO
231.687970270749,48.89284397614938,21.879957960944544,21.939632760387493,21.744210571355328,21.585650524041885,21.412309233438883,2.5285442934040523,QSO
189.50495793700077,-0.19878038353044758,21.95077523471272,21.857392683654215,21.885137735746763,21.740120575969893,21.479779486372525,3.4091992219942124,QSO
263.3722278319195,-87.82143898030067,21.591018005413638,21.332189016276402,20.870258099159283,21.13146778942795,21.0388589964484,1.8691439308206537,QSO
29.38679353101225,-88.3730755657274,19.715690156708437,19.331923634380505,19.31392682580316,19.31334813092626,19.185117926129198,3.8802110553519595,QSO
21.726750236602967,-25.7347180853978,22.829264041252003,22.86489704970847,22.686852615047783,22.5841174302801,22.41112775774623,1.0574525991112425,QSO
88.95716424365273,76.71493231772075,20.845529359157652,21.00566045952848,20.923867496410796,20.844622778457396,20.85485513593523,0.9125625632551517,QSO
57.4360848407478,-48.838179671350424,21.897819832163318,21.79150160075719,21.789571008918358,21.56807503194211,21.543651753989508,1.7541190131276319,QSO
313.8420839731926,24.185463996903692,19.57562968220592,19.18665539876574,19.18726022494297,18.867806055707373,18.78103923697184,4.387416591795266,QSO
78.91703544889596,-50.026343275202294,19.86905508903759,20.016118045470666,20.181242600215295,19.931292234492687,19.76056483214162,3.809370317466901,QSO
351.3114920948873,-32.099401861281244,19.600949724066083,19.336789464793316,19.046720533942597,19.244244368505527,18.972021443367705,3.8041863298166794,QSO
121.28248503759846,62.647576128267104,22.740150753768813,22.3975330156065,22.52868189935497,22.236865280338453,22.255432133842277,1.240670213154616,QSO
65.56244964793174,41.19505960859044,19.267007476497753,19.09676775063167,19.214143570002083,18.953324718012496,18.858583680843047,2.7172842866695066,QSO
284.29146257129247,-72.82813008362209,21.404894097325652,21.276548917057227,21.276460462843886,20.872604518630975,20.913759055293788,4.110442187595768,QSO
237.1347991803154,-12.833636222441953,23.193893069292677,22.801819709893003,22.91577623754969,22.739462364703463,22.832078567194618,1.161042927432197,QSO
179.35045792313002,-84.7494425438524,19.102097094898955,18.935912270864346,19.00374697385473,18.775865149512857,18.797389237161344,3.8604557233643453,QSO
199.93087833754726,-3.439773611458378,22.62826329518957,22.527293774336353,22.36655342480651,22.212768493953142,22.166647338234007,3.8683607068629025,QSO
258.91264017801495,29.23812210619225,22.541156783809384,22.083737363218585,21.828567413579854,21.785876346200848,21.754690070719988,2.1251434056862646,QSO
82.24370687926753,-68.66952775233273,19.756094049374738,19.61516408930482,19.683178551741907,19.463966701323216,19.46167197912763,3.15521460773388,QSO
358.6802097804271,-38.00071099635018,22.134819509258325,21.842878933379662,21.958960878210576,21.665668727785246,21.622030586929885,3.981450446087954,QSO
350.9255383728419,-18.38940740961175,22.659390624492875,22.224476203622856,22.257141466842697,22.14664629005832,22.000201848976534,3.4078939308141454,QSO
234.1172470848973,75.51558443808895,19.661356378534755,19.43325812732974,19.41833554094154,19.291198757500123,19.065889003750648,3.2181910649200773,QSO
71.83528233449225,88.78590277613353,19.55154744849865,19.40056905444378,19.295295279112985,19.19801014946337,19.320677723078166,2.420717597597538,QSO
244.88216727526486,-81.91596618078914,22.267894761973576,22.22650714011671,22.222588474481,22.096125852116135,21.972132594287633,2.9547710836858903,QSO
25.991427232503305,46.98142622917058,23.397946948690684,23.334633936883726,23.02530836171776,22.9678933131055,22.86224498222846,4.3578421928439885,QSO
11.034900794090184,-23.089668047578215,21.391542297106707,21.206876580056395,21.265205383665624,21.177396543064557,21.074544033892742,4.296793031888979,QSO
92.76583986403692,-19.3575264786936,23.183630474121095,23.20931598081164,23.067758236744794,23.013897899558295,22.76868531622785,2.102048706307045,QSO
166.54426442615386,45.7676952024641,19.358895046908568,19.254486202613812,19.120828126749146,19.087878547724408,18.88833029026273,3.9198368240076356,QSO
312.578101947017,75.31675778617355,23.408039845910466,23.196761592975463,23.006163658774565,22.88259905589487,22.825699090755325,3.414159639521807,QSO
261.7808651158709,81.1671470104587,22.48407574336847,22.302841740920055,22.125781096482523,22.049557150492976,21.954511646203176,3.290133673563294,QSO
267.37434763199315,13.882065486897744,20.036751655903725,20.241828427655324,20.091969449641237,19.947866703671085,19.909728777775246,3.186805960277109,QSO
153.17760040130713,-25.718191325909487,20.73078310940933,20.454283049548607,20.532247828526714,20.310250926454376,20.15200897885498,0.9169755417035959,QSO
124.53659731690665,51.758835454580264,22.342257153630953,22.269181057110202,22.19225146911609,22.197499423175696,22.10293099426053,2.4198582657166625,QSO
133.57395467445699,-44.81975101278595,21.585910718405298,21.34189176056314,21.296065175391945,21.139408043623554,20.86233222402796,3.12463399854129,QSO
355.55384294498083,11.533325190033196,22.372083806007762,22.112317213080676,22.16297757941697,21.939042817463704,21.779289448091355,3.646702841913739,QSO
14.439308908493693,-25.45587692552283,22.018823867766343,21.986751123393823,21.83647728955777,21.88750409580242,21.592358026175773,2.4357838609687823,QSO
312.13133860408146,28.193593267417697,21.692886577823817,21.633509510857213,21.55976851433009,21.5296184922706,21.401728929033464,2.280553349451627,QSO
208.32314708606162,-46.728195679168756,23.228173722125792,23.133584197736138,22.704304871816852,22.61496444875462,22.39550396234641,4.3937960414856185,QSO
157.90155090825257,-55.51326976773136,20.438804163249948,20.425779199547744,20.40180920042676,20.23366150370065,20.102232424791616,0.9484313396675073,QSO
261.09275774944916,75.28303560157866,23.59089483250426,23.106256848550167,23.04743443937598,23.048658576910217,23.019084155937502,1.595023343241798,QSO
175.20081891289303,-71.67533706908335,22.93985536838226,22.901977280505733,22.769653206860735,22.604921032370513,22.47317122230943,2.3240237011567655,QSO
314.4323657093978,1.0724233922877033,19.337282513463098,19.08127440773498,19.02216048946376,18.893933333361165,18.882623262327836,2.014742228324274,QSO
324.25267104405305,-50.246499066658394,22.752840050955417,22.78637815814718,22.629996689751838,22.485877098447403,22.552771176065086,2.447590657788279,QSO
151.81953367444396,-82.99260660137986,20.444004006281943,20.518848706064375,20.2315945598899,20.115775715060366,20.0596711705006,2.5331153165901275,QSO
99.65800700461857,-83.51661270754325,23.10204224731778,22.764846107842374,22.73170962462776,22.598193754448175,22.44397355344713,1.6552600599819054,QSO
213.2461182936104,-58.46008102095108,20.825385440946047,20.571778266240564,20.37061709699459,20.42156140846809,20.270017968453296,2.404793166715118,QSO
328.45080442200873,66.01866381108005,22.531315179927287,22.18835801418134,22.14699315440235,22.00102279830811,22.143070000410606,2.4729145039530556,QSO
75.83838804203997,-39.153826084135204,21.264713632102275,21.311431934955507,21.051182663844706,20.983812286218324,20.75033022208278,1.686019684277527,QSO
224.2679700828538,81.08265070355324,22.66452766510151,22.58255187422036,22.505290474583973,22.5337376771743,22.339755347924395,2.108460093618408,QSO
227.3616792333074,14.692012738054842,21.03392872988315,21.294854690724527,21.220860327126978,20.85695358698298,20.967192544186524,1.2677770404736037,QSO
263.9206880695011,-11.409445841622102,22.332959452313883,22.28908176773086,22.120437872631573,21.8160972038553,22.1309353767402,0.953931963414689,QSO
47.36436664581353,14.415990240501827,22.33328170950004,22.041445794221374,21.88917301312829,21.831530032009763,21.873565598188197,1.3516320704425167,QSO
257.69698728555187,3.0057093407282025,23.48497598943606,23.27018976497162,23.03271865295507,23.00468188042868,22.937757453201154,3.9537152034336955,QSO
327.25170743963076,46.57972567631853,20.678740794608924,20.22499220508287,20.24499043176437,20.131618335605538,19.887874879778856,0.957142368807122,QSO
64.6859191932871,-39.15070812488659,21.364157879700937,20.84037733061024,20.809472576969767,20.582919575577126,20.605059823543673,4.480588645829295,QSO
85.51559697259594,-26.450929511945574,22.603114608160435,22.408496221485546,22.61283524843734,22.257847947582356,22.164928976949952,1.8054325109925822,QSO
349.70223385499025,70.93697445598514,22.536373437763224,22.306751023525468,22.175295016397985,22.239426127555397,21.875292077328183,3.912840900548897,QSO
65.15170297541631,80.36217236707299,22.35487554321033,21.88147886006388,21.89761761103507,21.621749189033764,21.59707744673987,2.210246317435888,QSO
307.5786336130485,70.66048094756542,22.699478899008938,22.297527737990166,22.10060087336285,21.98326439726561,21.990309580212063,2.709660961549201,QSO
177.22002832129252,-14.499361087683553,20.69561374333143,20.38667443249905,20.095200728184864,20.04671938896016,20.054673413168324,3.3678737995508925,QSO
89.00318678514374,50.465790541238704,21.594579985525346,21.43029046034154,21.54406298295991,21.251452796490977,21.26257669654542,3.643119009521927,QSO
313.46996445810413,-4.2595680058022225,22.847342799514173,22.338526438704292,22.152709234458573,22.073765460355986,21.876460866814018,3.075167317467181,QSO
160.30989180095958,-0.44282661370161236,22.40502199403743,22.52493020339102,22.227063965581173,22.357748849408647,22.1772806577983,3.8936173782324444,QSO
185.33424741468846,-53.15758036968889,22.432436838877372,21.746403980443922,21.806092283451495,21.600073663640405,21.660378072922892,2.781837115534758,QSO
129.32401298391565,16.40345458653296,19.385387859951162,19.42954534168301,19.478763298814528,19.274665792755002,19.113701496143545,4.039917534395968,QSO
213.46230651657388,-56.49553840439737,18.996102326485634,19.234965439348287,19.22650644282323,19.04766553711445,19.131249175958988,4.028325912330874,QSO
58.868594130608194,-30.31835416790512,21.40216410691562,21.13358572100952,21.023477815034564,20.880211612254413,20.9708452536664,1.5059313822606033,QSO
140.78935319463386,63.90543629158833,22.54670657950037,22.32400607545198,22.376720230761258,22.17257265420874,22.092260241424498,2.2169779409379595,QSO
348.9884360407035,-52.72635434204606,19.92124031871233,19.687669787042296,19.68187701437152,19.52806054449999,19.725150266165983,2.5451153649150378,QSO
92.92803577240592,-77.19150866878209,20.294919488060437,19.99744455575171,19.860978871456243,19.815878237265565,19.64572966430663,1.9369864799964847,QSO
236.4251992348652,-77.57863332969306,21.63004250122281,21.043381769249386,21.080126362703105,20.942594263736652,20.931802813969167,3.9542893542700597,QSO
117.06842312089016,79.34121369055941,21.57259911355382,21.486108879467583,21.31215192304021,21.246007957031978,21.305248087582445,0.8683238481049731,QSO
278.45032524717624,1.2456788331302278,19.439735320889373,19.049533868524115,19.081116808944046,18.910192487618392,18.68261017682613,2.4047901317902602,QSO
47.114517858605936,-16.305827072936694,21.02170463294968,20.76294506186448,20.767655576480475,20.667889800944614,20.41669152247353,2.787670263761088,QSO
349.1355762282761,55.95814458142533,20.998251944081648,20.934764518041224,20.799080607996455,20.63797009365544,20.485107678418778,4.071519543544967,QSO
163.36423489811014,60.44866702389288,18.998719180325363,18.950108995489455,18.765460713897593,18.63107980215961,18.368458874735566,4.431703154263958,QSO
84.97816680472702,-30.20561403919117,19.880336303594262,19.806624454027197,19.697702691669186,19.50121966212277,19.30808633021691,0.8625054137646183,QSO
26.458829038804556,34.85125034528315,21.339199502504716,20.813059239454375,21.026951649556622,20.817722607325802,20.743275582258207,2.7911306913013814,QSO
61.11284583151467,48.80210685333958,19.37667440332121,19.271182637615066,19.201750653004694,18.878235928724553,18.7855054167148,3.8966737257968385,QSO
187.11862148016635,27.83712363587182,20.43386449155628,20.0674109870425,19.9048149510267,19.76396896237801,19.853129713484623,3.8638033999863097,QSO
121.32114351526307,-62.712886535982115,22.08952014257256,21.44820188918455,21.76422014993822,21.507348824149783,21.3371736214945,2.1421255974981896,QSO
298.3980117177394,67.65895503307027,18.67855116213061,18.66816328865072,18.79850033406816,18.617687346641784,18.42427155679065,1.2878523616805688,QSO
155.11950851825014,7.037019492481562,21.480791395633624,21.22959914824125,20.967169031995535,20.994759161778557,20.92213628692312,2.3824943320311824,QSO
89.53713813154677,-39.15496325339934,22.174118623290774,21.76167155863903,21.7328468282183,21.70378230217273,21.7106272795212,2.052768096183822,QSO
222.17219517745082,-13.458926621215099,19.758879947652677,19.74348504684321,19.816192000476587,19.6373813166274,19.45107631870184,4.458413501808769,QSO
254.4397980787605,-83.23720372819668,21.916438865813447,21.586622167842858,21.344934950788286,21.345643878213696,21.25683750535266,1.5257155940153249,QSO
60.13508684434195,-66.98397577996484,21.10999773598104,21.021184707822666,20.873040828716537,20.844279414447882,20.558419362501184,2.92925852817955,QSO
60.342917863794355,47.79841509285495,19.710416100590564,19.465097246565616,19.3270699730362,19.162801849398043,19.027750789787987,2.33435357041341,QSO
13.201713696075469,-89.9979057440341,19.296395174185825,19.324116537667127,19.11393808526638,19.05294256425128,19.14371653254925,3.046006021222823,QSO
265.1047254236306,-15.018150873187409,19.25036960812141,18.92198035705593,18.838917061021906,18.730356126401148,18.46841320199349,2.526547168815693,QSO
238.96962994384984,4.051832595405926,20.8584084454219,20.785292887535277,20.608023295856164,20.532024645625047,20.299586358454405,3.7257680387366623,QSO
170.867115269933,-80.16580439982499,19.32550483500393,19.146199100853853,18.979196467809818,18.854085822437945,18.816982837198527,1.3939070365385575,QSO
303.901361628911,85.15406933501993,19.47834514393198,19.055602725417693,19.029442455686546,19.054497045056333,18.794163743220892,1.0564701670738725,QSO
290.04125506201916,-49.297440375059054,20.16051136283291,20.125902581856227,19.883515030145553,19.63344019744384,19.811896750080138,1.2377990701116113,QSO
210.7275711828308,-35.24423046546944,22.783368058120118,22.235610560679845,22.3507355644228,22.120943768397755,22.11403544169297,1.7830103223604978,QSO
312.5776609847731,-35.290347794095084,23.82459966419914,22.904396281422404,22.901453605340276,22.728205499860426,22.692402398935016,2.659367231751178,QSO
74.10283561323656,-48.52500081887702,21.415002313668133,21.304768009170672,21.192790104913502,21.209611966704284,21.016717357062937,1.5440089071023702,QSO
40.29106298318204,-89.73471202446395,19.88168281476509,19.27022675751022,19.22923464390156,19.021219577808743,18.846924177696476,1.9123381357521996,QSO
97.10986014611626,41.28206293583935,21.65227514551786,21.321032360696776,21.34624436345433,21.033209692024148,21.13090712704939,3.892413514873141,QSO
20.551268192153348,84.03218996387136,21.80371061732183,21.54441933317493,21.24156351579408,21.373319273721247,21.269357887723622,1.183993134253686,QSO
191.22103008037152,-49.62717300869189,20.659669316620086,20.677659158883653,20.35826055365283,20.19262026329426,20.085026912522537,1.4025323285326508,QSO
337.17804922618615,29.34849452461603,19.183514680206127,19.15765891658823,19.066961921410115,18.842592384399826,18.592449268783795,3.5420960540298188,QSO
14.163674640663473,43.541338852568714,20.432269010213066,19.901742224774164,19.979897963812082,19.7475771103792,19.737370321829637,3.962679881293643,QSO
43.95956904360965,62.71656823629445,23.45557662426145,22.878306442052224,22.96259832827226,22.94077463047075,22.670416724913515,3.2082688949583176,QSO
162.7916501820367,-13.926744537550363,19.826781179352416,19.56736212041618,19.499915506746838,19.26646900308315,19.340540055828672,1.1082195575136466,QSO
336.19500631004576,-35.472436984722734,20.15363063659407,19.563643486547594,19.468837711089975,19.44891600504527,19.6196988105549,1.551692141947573,QSO
113.81619779163019,-31.446875875854396,19.523973450261288,19.094579317077663,19.007164700994764,18.999904545599932,18.713059270797686,3.3470678082295606,QSO
182.60453112782128,38.27183995773231,20.348079128017684,19.996335167463382,19.941786136704238,19.79702051989535,19.795599277620134,3.2212554498731265,QSO
14.966229258141155,57.0203039710145,21.477533771751702,20.863331387560986,20.909076744683254,20.8525726723504,20.64794432093194,2.545819006899171,QSO
53.40355234635199,-57.30948580381152,23.15232372389764,22.807949971512578,22.41697536751259,22.618435439847385,22.49847926331279,2.955623466102648,QSO
355.1868442651849,-23.23061853160226,19.239638460966802,19.368552799954628,19.432546310286842,19.243868270567837,19.138074865987896,4.094144031765888,QSO
347.44273071697637,72.34923541484702,21.131997418303516,20.86105321872942,20.856499866067114,20.63138276698408,20.697062103000878,2.4220093194214467,QSO
1.7783931363874617,55.20483354505305,19.003448727597778,18.852317575317947,18.695504817157833,18.702222920342216,18.631349325106353,0.9036196820480963,QSO
342.652242752366,87.27451249724564,22.92692041296108,22.9334084531323,22.895449551139613,22.745156592674338,22.67076628231161,2.2538944256814317,QSO
230.08317761358012,45.76468674277453,21.552231139138293,21.754794558495323,21.688415764927576,21.57546934381545,21.541549659444158,2.0681395302787298,QSO
312.450586027208,-19.224863814973986,19.81128637897969,19.751517857300406,19.886570006784254,19.74109853478259,19.349950036018846,2.6176902254130026,QSO
163.70634802818927,16.314810119034803,20.747997940882897,20.232287912664674,20.0630480825458,19.929192996665094,19.973395186126105,4.066381012997394,QSO
185.61457028853008,28.98256576451766,19.350345921544502,19.287923883941875,18.879731656629776,18.948639708706494,18.758418278869254,3.553670456217784,QSO
175.98476889249127,-75.87795306291768,23.16696780348058,22.962792776358196,22.87621796806152,22.821172415312866,22.566613991786316,3.05522515184672,QSO
240.07113271659756,8.00945263869572,19.752349289187418,19.74431101865216,19.452943463986994,19.55239248264938,19.3506842528711,2.066812534233997,QSO
50.27445171227264,37.677749125069724,20.011319910218152,19.907422937937,19.945560574462316,19.86907468104199,19.869883020899227,4.497998548589688,QSO
10.790492354164062,-59.88216527980913,22.055994025063676,22.029934098276904,21.843876407507484,21.79724838377103,21.54760043279881,3.318052936284583,QSO
110.85477897282873,50.51370913660028,19.81691159233487,19.975087879523787,19.75951285859188,19.559561871979493,19.35974784881287,2.6248234232153385,QSO
253.6850745851928,15.079100492540093,20.636341672607983,20.179044482735016,19.938593224973598,19.899367373829033,19.891531794298096,1.2016548237587994,QSO
72.66724276426142,81.39992142556704,22.419187548406693,22.16158315605307,21.994173296106624,22.067845859013527,21.89254868096777,1.092835272629375,QSO
242.43567599697025,-82.3639863227595,19.16113807145603,19.381711771821017,19.180303038904352,19.106389411651996,19.03036379032352,3.292011151646803,QSO
349.1683365986174,-42.241295240015944,20.607942258918552,20.71227455170208,20.63711393046463,20.50990282597448,20.38750722312444,1.6990910935850703,QSO
33.80425768419062,18.279698273968336,20.04306924178295,20.034326243507085,19.783132160500553,19.889046751724816,19.685365930259884,2.7307616551462264,QSO
242.13676256104546,-36.61921580293247,20.942711812741624,20.614348599147757,20.757684189872215,20.51847041920986,20.401250537857962,1.1275204944833501,QSO
159.75007894964563,38.59634953282361,23.161730747912223,23.000975778479386,22.795765960379615,22.69003829235539,22.517006143078437,2.7958781039320746,QSO
312.5312115759019,46.62095085394759,22.828070520956274,22.638208458743797,22.65530519408664,22.452173258735744,22.476098908253206,4.102827922741278,QSO
63.773924201058925,-71.5471264680346,19.746439887654315,19.712985376703895,19.55732252275301,19.364694429238906,19.332057218562948,2.4939105053131123,QSO
249.34534280141924,2.493803557218186,20.375515779244328,20.690827069614226,20.26579461101493,20.497940310473698,20.242505013563107,1.7650749960925325,QSO
301.7215042733197,1.6003000063900572,22.492748544721266,22.25556709027111,22.302847599768576,22.25252779401797,22.22436306783806,4.217329871518296,QSO
340.0611190106484,-23.529461361202607,22.62299362960761,22.270513055328877,22.334349694262276,22.216485673794693,22.050349360472964,2.524213003106148,QSO
245.9692901842725,77.92647526254098,22.107040208478974,21.574916890885973,21.519069523880038,21.356912656717007,21.424006137575944,1.095685904582445,QSO
178.98291504303384,58.95113757717982,18.680513190364906,18.928995254040814,18.648719299739763,18.711190454541175,18.2467900008016,3.2071267271045807,QSO
222.425006472437,35.497688743734614,20.52558870352659,20.57052870891774,20.11509991727941,20.27189515373406,20.209494964433247,4.095510803740242,QSO
312.80579441233857,38.57879443229956,22.326700625610243,22.110440470855142,21.836092259417022,21.919529170210332,21.744424256244674,1.608629307626083,QSO
205.4195087899787,-6.891094113638559,21.84460253497913,21.45939154855023,21.50505319404094,21.538218881535634,21.19619750415512,1.0815306739934323,QSO
10.93934149086127,75.77901379738367,21.546012955144977,21.566283477593252,21.476958680946723,21.25320452347851,21.354933666592245,3.5607568641591154,QSO
335.14153038251203,35.027176905591375,19.31220696734663,19.003538445596796,18.955507684920544,18.990614043220617,18.80305931715819,1.423924380274853,QSO
248.22963037136202,41.21659109804696,23.253301268102625,23.191169905626683,23.103542164848108,23.046269198165984,22.91699542724131,3.88853043267478,QSO
243.54481887980876,65.10436268172214,19.52816536165988,18.92643193699933,18.710708124075303,18.766262865429226,18.604988059949836,2.256554632005871,QSO
77.64305486317818,-40.66711391840562,20.155328362571183,20.140986377831695,19.808346090774815,19.854988777612668,19.949054018358765,4.197309560950016,QSO
237.1987692837566,55.27276269600654,20.681038849914945,20.56822933664164,20.5294161549626,20.302642286818386,20.286230468215244,1.9806527575300557,QSO
141.79118603549705,-54.85669146783143,22.96934295612724,22.79101907697767,22.593123008952414,22.561044722647356,22.641755446800335,2.6038520104984997,QSO
234.44387173493715,-27.83844859592019,19.38988118761274,19.07947685342127,18.917810319481895,18.84633074067778,18.735750676357984,1.5418852371382838,QSO
38.37349091087666,-29.590118231428313,22.760974016402134,22.869219217001,22.68225556701358,22.468164776945628,22.44542982913303,3.7917688268876626,QSO
236.82430965709298,86.13458431004531,23.31167832709749,22.74960395108033,22.75885842799126,22.752191061312462,22.781792253546353,3.33246147931383,QSO
359.78894127743996,64.17670027462682,21.84428793607055,21.5818135228786,21.570196100279944,21.330782183938325,21.204993241301842,1.9470068552945297,QSO
17.35633398980017,36.21057508624675,22.13449718808377,22.265575483969002,22.07739116580946,22.05365431508094,21.75497692498087,3.5859098187535094,QSO
351.7827063196742,40.87021709077021,19.595477527294783,19.232334503786543,19.271888752442027,19.19260897311313,19.07775489559877,3.424745757429177,QSO
146.48686586023342,11.173102992462788,23.344055520125213,23.208565784582202,23.001716840203713,22.87184442697437,22.558172277758143,4.4227150280557685,QSO
313.4712421214133,80.47632007953342,21.596716256725472,21.650399680655877,21.383858015423552,21.181493801358602,21.08002396550273,2.060824910590883,QSO
281.6587742609784,-0.6734244811749193,21.561632800459684,20.84522988475772,20.659034773335666,20.778549196692037,20.409679124901256,1.680319400306439,QSO
204.1258539552004,-21.50681222341899,23.168513479045693,23.24935335316417,23.237704910474374,23.04339977163471,22.823189953333152,3.8246628254282067,QSO
265.84171533047754,-60.65363935231362,20.696493398822096,20.54545960082433,20.317008043684574,20.322362625515275,20.187103362102942,3.130569703583438,QSO
316.26560206848524,51.51701740699045,22.443078605670046,22.266475408561615,22.034911835219127,21.871831424219394,21.85376343456393,2.8220563414221678,QSO
145.49051579437187,42.19990777360647,23.21999805752963,23.13137460559739,22.894751739723695,22.93174384118379,22.662558639669918,3.473803898735169,QSO
117.73193816276593,-20.81609306565572,22.31996030850428,22.081378172818177,21.93247699633389,21.802111188252493,21.748871561439984,1.5055010029927285,QSO
240.3336188028905,-85.46518548733872,21.883730050071975,21.11635716912623,21.072147117630923,21.056985339328666,21.113772974186777,0.8978816702775695,QSO
290.8245390988531,61.01951898924193,19.056588267736174,19.20345967346946,18.97564089634884,18.899960518472177,18.806888983848282,2.202815468358592,QSO
274.4226485195817,-87.94476297826675,21.272292963169413,20.89532420158197,20.78312956898564,20.77900490252488,20.67608379557757,3.480503566030224,QSO
287.21291358910844,36.665960333229165,20.965135912429545,20.670708301215985,20.802838168827336,20.788417232722388,20.62199772271515,3.4263601772035415,QSO
156.8099933326559,84.64627975069027,21.302134683353717,21.085949579385456,21.075932236917865,21.027057804274374,20.898851101248084,1.1450062011190258,QSO
294.4203178230078,-11.220960933323383,20.128762632981715,20.03900476046234,19.92370331686878,19.953379014627956,19.53212257652144,1.9099684410487312,QSO
43.275259933419036,-47.7047871007285,19.56998186625443,19.104273841799444,18.98659320109631,18.910929970996712,18.855878257175604,1.701753389019847,QSO
196.01607526590584,36.87678180780871,19.092586002891515,19.039315290026714,18.750219707058577,18.67612844389056,18.582350695050028,3.77752713963768,QSO
2.0731177793237654,57.08306556280533,23.02893094942293,22.940242504436824,22.90597084975483,22.786364550198368,22.57293843868141,1.5907380069545423,QSO
116.85089876409731,8.357456894012515,20.22019110986812,19.84434839965032,19.83118471349639,19.765727059590553,19.807969841190797,2.9110455633148975,QSO
131.92615255370325,84.06634954610632,22.92607617225997,22.705080309912184,22.61785887453921,22.459225577007874,22.692828419063858,3.2426387740937406,QSO
142.62216897933195,-80.699630101567,22.315158622898913,22.330657950749906,22.1977938654053,22.18602601826483,21.983089834227453,2.2672857521491996,QSO
250.36819440835038,0.8632076948150598,19.36641647142008,19.30761708555365,19.18341363198893,19.2231071047429,19.081585277955284,3.243429829003973,QSO
139.88091645732447,39.32171051805901,19.374193844728065,19.274813672312657,19.25266184140281,19.16757806438744,18.955582863711825,4.376475471377593,QSO
161.52970414411104,65.27528480685223,21.45274319310133,21.40988822739676,21.439041471863682,21.32486055071967,21.108430006868073,3.3377280843563284,QSO
85.51588711475789,-57.733989856597795,22.477934302577662,22.035576653251315,21.692191623651,21.738399283122202,21.65236361111187,1.9428012437449838,QSO
134.37064498656244,54.000626717462666,21.388696431322273,21.06785450441755,21.021221715969457,21.089533624920985,21.002043984398853,3.50498076241783,QSO
81.81706581473453,9.487273629338148,21.281948448922485,20.724702049861648,20.770775431869797,20.609358543046124,20.62593295521278,3.308592656397563,QSO
26.35053255663971,-18.620337241806624,20.826493092726242,20.63834856847519,20.499325714521696,20.412357681722494,20.49447568230018,2.388079884304289,QSO
217.24149361729604,-66.29129485576316,22.839607409039534,22.754405831243503,22.699453936179083,22.678598605796704,22.61367853515813,1.6881421494273543,QSO
240.55660747980585,65.75323660360422,22.135856544381937,22.019787410780392,21.865002894520508,21.762620156482274,21.689022040097292,1.2056124494210085,QSO
223.01652456346122,-61.690822527651235,21.50414051192985,20.911273940955816,20.919239351788825,20.910143076968925,20.713774900016087,1.0049457010774752,QSO
166.85785576820604,-34.23818534236214,21.700820291361808,21.473522536791343,21.52261995907837,21.326954538028698,21.367278782548656,2.9705791460488475,QSO
136.72288086452272,-37.79180424676136,23.310845349178155,22.86226224955864,22.879370323812925,22.77895400314275,22.586526022436033,4.143782205383088,QSO
310.8001138458571,66.85452615435378,19.711619012155758,19.63046574455834,19.655022446388532,19.37898405306971,19.252485652646254,2.7253772008315815,QSO
